",""french_name"",""species"",""minYear"",""maxYear"",""estimate"",""se"",""infIC"",""supIC"",""GR"",""infGR"",""supGR"",""perc"",""infPerc"",""supPerc"",""pval"",""trend"",""trendEBCC"""
"1,""Ouette d'Egypte"",""ALOAEG"",2014,2023,0.45647891204006,0.111443806790549,0.238049050730584,0.674908773349536,1.57850612936552,1.26877142546398,1.96385381199244,""+5984.4%"",""+752%"",""+43349.3%"",4.2026722356005e-05,""Augmentation forte"",""Forte augmentation"""
"2,""Elanion blanc"",""ELACAE"",2014,2023,0.332225862631283,0.0745543271852959,0.186099381348103,0.478352343914463,1.39406768075132,1.20454196343358,1.61341385980077,""+1888.6%"",""+433.8%"",""+7308.2%"",8.34415389298907e-06,""Augmentation forte"",""Forte augmentation"""
"3,""Héron garde-boeufs"",""BUBIBI"",2014,2023,0.277306647063524,0.040470584306377,0.197984301823025,0.356628992304023,1.31957095155748,1.21894325848445,1.42850578488721,""+1113.1%"",""+494.1%"",""+2377.1%"",7.2796838098069e-12,""Augmentation forte"",""Forte augmentation"""
"4,""Milan royal"",""MILMIL"",2014,2023,0.264402542762428,0.0343700199508152,0.19703730365883,0.331767781866026,1.30265246409509,1.21778946786144,1.39342923140315,""+980.1%"",""+489%"",""+1880.5%"",1.43921501329122e-14,""Augmentation forte"",""Forte augmentation"""
"5,""Vautour fauve"",""GYPFUL"",2014,2023,0.23543621115008,0.072629174578056,0.0930830289770901,0.37778939332307,1.26546065640267,1.09755286017631,1.45905562365884,""+732.2%"",""+131.1%"",""+2896.7%"",0.00118852233766809,""Augmentation forte"",""Forte augmentation"""
"6,""Goéland leucophée"",""LARMIC"",2014,2023,0.195974481960381,0.0453118312658028,0.107163292679408,0.284785671241355,1.21649586234863,1.11311600333447,1.32947705241703,""+483.4%"",""+162.3%"",""+1197.6%"",1.52519467202412e-05,""Augmentation forte"",""Forte augmentation"""
"7,""Grive sp"",""GRIVES"",2014,2023,0.188267800049632,0.0601599899083298,0.0703542198293052,0.306181380269958,1.20715674870394,1.07288815221176,1.3582286400846,""+444.3%"",""+88.4%"",""+1473.1%"",0.00175132689778719,""Augmentation forte"",""Forte augmentation"""
"8,""Perruche à collier"",""PSIKRA"",2014,2023,0.177486150741454,0.04460798648306,0.0900544972346562,0.264917804248251,1.19421151884385,1.09423391480275,1.30332384369242,""+394%"",""+124.9%"",""+985.1%"",6.92646657036738e-05,""Augmentation forte"",""Forte augmentation"""
"9,""Grue cendrée"",""GRUGRU"",2014,2023,0.171600945711301,0.0767913097203029,0.0210899786595069,0.322111912763094,1.18720397983387,1.02131394396291,1.38003921131676,""+368.5%"",""+20.9%"",""+1715.6%"",0.0254409811523492,""Augmentation modérée à forte"",""Augmentation modérée"""
"10,""Grimpereau des bois"",""CERFAM"",2014,2023,0.162990601499659,0.0683520114763907,0.0290206590059332,0.296960543993385,1.17702562736072,1.02944586158361,1.34576219999829,""+333.6%"",""+29.8%"",""+1347.8%"",0.017098791715384,""Augmentation modérée à forte"",""Augmentation modérée"""
"11,""Faucon pèlerin"",""FALPER"",2014,2023,0.152899558967395,0.0463134838854804,0.0621251305518529,0.243673987382936,1.16520793837647,1.06409548725331,1.27592829395426,""+295.9%"",""+74.9%"",""+796.3%"",0.000962019686139398,""Augmentation forte"",""Forte augmentation"""
"12,""Tadorne de Belon"",""TADTAD"",2014,2023,0.129222094054133,0.0746794104788382,-0.0171495504843901,0.275593738592656,1.13794282643855,0.982996666014274,1.31731258203897,""+220%"",""-14.3%"",""+1094.5%"",0.0835663838080964,""Incertain"",""Incertain"""
"13,""Pic mar"",""DENMED"",2014,2023,0.108124801393967,0.02594581110772,0.0572710116228354,0.158978591165098,1.11418678877426,1.05894275730592,1.17231284855983,""+164.6%"",""+67.4%"",""+318.2%"",3.08185877363878e-05,""Augmentation forte"",""Forte augmentation"""
"14,""Alouette lulu"",""LULARB"",2014,2023,0.107932572441149,0.0225381904713491,0.0637577191173046,0.152107425764993,1.11397263039899,1.0658341362414,1.1642853039537,""+164.2%"",""+77.5%"",""+293.1%"",1.67719072999475e-06,""Augmentation forte"",""Forte augmentation"""
"15,""Bécasse des bois"",""SCORUS"",2014,2023,0.102833628458825,0.0509275055794496,0.003015717523104,0.202651539394546,1.10830700299229,1.00302026937374,1.22464565312194,""+152.3%"",""+2.8%"",""+519.6%"",0.0434647855636854,""Augmentation modérée à forte"",""Augmentation modérée"""
"16,""Bouscarle de Cetti"",""CETCET"",2014,2023,0.10249085043884,0.0200416257727877,0.0632092639241764,0.141772436953504,1.10792716481607,1.06524973424817,1.15231439452434,""+151.5%"",""+76.6%"",""+258.2%"",3.155760992021e-07,""Augmentation forte"",""Forte augmentation"""
"17,""Tarin des aulnes"",""CARSPI"",2014,2023,0.100979086988794,0.0205369260976187,0.0607267118374611,0.141231462140126,1.10625350642953,1.06260847618441,1.15169119004397,""+148.1%"",""+72.7%"",""+256.5%"",8.79019376789724e-07,""Augmentation forte"",""Forte augmentation"""
"18,""Goéland argenté"",""LARARG"",2014,2023,0.100641320644433,0.0370913723517378,0.027942230835027,0.173340410453839,1.1058799143237,1.02833627657746,1.18927087642471,""+147.4%"",""+28.6%"",""+375.9%"",0.00666097208119819,""Augmentation modérée à forte"",""Augmentation modérée"""
"19,""Rougequeue noir"",""PHOOCH"",2014,2023,0.0884739885365731,0.015575230222465,0.0579465373005416,0.119001439772604,1.09250583456532,1.0596583420004,1.12637154000607,""+121.7%"",""+68.5%"",""+191.8%"",1.34357362529127e-08,""Augmentation forte"",""Forte augmentation"""
"20,""Tarier pâtre"",""SAXTOR"",2014,2023,0.0838284279413797,0.0145965207981319,0.0552192471770412,0.112437608705718,1.08744230308784,1.05677228361814,1.11900243872432,""+112.6%"",""+64.4%"",""+175.1%"",9.29908027740022e-09,""Augmentation forte"",""Forte augmentation"""
"21,""Pluvier doré"",""PLUAPR"",2014,2023,0.0834668778654021,0.0658495261930446,-0.0455981934729651,0.212531949203769,1.08704920930636,0.955425781390081,1.23680562788908,""+112%"",""-33.7%"",""+577.2%"",0.204962436258943,""Incertain"",""Incertain"""
"22,""Grand Corbeau"",""CORRAX"",2014,2023,0.0812298644484896,0.0212952568364257,0.0394911610490952,0.122968567847884,1.08462018353487,1.04028130384895,1.13084887537498,""+107.7%"",""+42.7%"",""+202.4%"",0.000136482102532429,""Augmentation forte"",""Augmentation modérée"""
"23,""Choucas des tours"",""CORMON"",2014,2023,0.0808742221013938,0.0193746602962033,0.0428998879208354,0.118848556281952,1.08423451525114,1.04383338928866,1.12619934955614,""+107.1%"",""+47.1%"",""+191.4%"",2.99000061616784e-05,""Augmentation forte"",""Augmentation modérée"""
"24,""Grande Aigrette"",""EGRALB"",2014,2023,0.0746765355140267,0.0191445606288641,0.0371531966814529,0.1121998743466,1.07753555002487,1.03785200414286,1.11873644501588,""+95.8%"",""+39.7%"",""+174.5%"",9.59284474861386e-05,""Augmentation forte"",""Augmentation modérée"""
"25,""Pipit spioncelle"",""ANTSPI"",2014,2023,0.0666993781908892,0.0538939033778587,-0.0389326724297139,0.172331428811492,1.06897407294661,0.961815463664692,1.18807152910408,""+82.3%"",""-29.6%"",""+371.6%"",0.215862463891632,""Incertain"",""Incertain"""
"26,""Pic noir"",""DRYMAR"",2014,2023,0.0657207043064296,0.0158824153180954,0.0345911702829628,0.0968502383298967,1.06792840770435,1.03519640322296,1.10169536952719,""+80.7%"",""+36.5%"",""+139.1%"",3.5041657061175e-05,""Augmentation forte"",""Augmentation modérée"""
"27,""Pouillot véloce"",""PHYCOL"",2014,2023,0.0578095398621901,0.0126756992496671,0.0329651693328426,0.0826539103915375,1.05951318146556,1.03351454061341,1.08616583278354,""+68.3%"",""+34.5%"",""+110.4%"",5.09933714467932e-06,""Augmentation forte"",""Augmentation modérée"""
"28,""Cygne tuberculé"",""CYGOLO"",2014,2023,0.057405022269645,0.030396712628993,-0.00217253448318124,0.116982579022471,1.05908467641888,0.99782982376176,1.12409984660179,""+67.6%"",""-1.9%"",""+186.6%"",0.0589551936650735,""Incertain"",""Incertain"""
"29,""Epervier d'Europe"",""ACCNIS"",2014,2023,0.0538976756755321,0.013771186524177,0.026906150088145,0.0808892012629188,1.05537660593159,1.02727138891004,1.08425075629671,""+62.4%"",""+27.4%"",""+107.1%"",9.08547369372827e-05,""Augmentation modérée à forte"",""Augmentation modérée"""
"30,""Grimpereau des jardins"",""CERBRA"",2014,2023,0.0536158313203809,0.00787403756947516,0.0381827176842096,0.069048944956552,1.05507919590629,1.03892104478435,1.07148865183044,""+62%"",""+41%"",""+86.2%"",9.81486186090768e-12,""Augmentation forte"",""Augmentation modérée"""
"31,""Pigeon ramier"",""COLPAL"",2014,2023,0.0484109463884168,0.0100037194378876,0.028803656290157,0.0680182364866765,1.04960189681861,1.02922249327255,1.07038482835945,""+54.6%"",""+29.6%"",""+84.4%"",1.30300717250686e-06,""Augmentation modérée à forte"",""Augmentation modérée"""
"32,""Pigeon biset"",""COLLIV"",2014,2023,0.0481340189893761,0.020828037474792,0.00731106553878379,0.0889569724399684,1.04931127353793,1.00733785662911,1.09303362474461,""+54.2%"",""+6.8%"",""+122.7%"",0.0208317294631766,""Augmentation modérée à forte"",""Augmentation modérée"""
"33,""Busard Saint-Martin"",""CIRCYA"",2014,2023,0.0466940468467007,0.0258982490820098,-0.00406652135403849,0.09745461504744,1.04780138189689,0.995941735747571,1.1023614098077,""+52.2%"",""-3.6%"",""+140.4%"",0.0713912240214285,""Incertain"",""Incertain"""
"34,""Bergeronnette grise"",""MOTALB"",2014,2023,0.0458191489797748,0.0139584208743675,0.0184606440660146,0.073177653893535,1.04688506360381,1.0186320951632,1.0759216616095,""+51%"",""+18.1%"",""+93.2%"",0.00102874451390762,""Augmentation modérée à forte"",""Augmentation modérée"""
"35,""Pinson du Nord"",""FRIMON"",2014,2023,0.0434747663323174,0.0297458879996959,-0.0148271741470866,0.101776706811721,1.04443363908814,0.985282207127131,1.10713622814682,""+47.9%"",""-12.5%"",""+149.9%"",0.143867664429283,""Incertain"",""Incertain"""
"36,""Bruant zizi"",""EMBCIR"",2014,2023,0.0432279419875692,0.0153988269839158,0.0130462410990941,0.0734096428760441,1.04417587925155,1.01313171460068,1.07617129253573,""+47.6%"",""+12.5%"",""+93.6%"",0.00499706285599299,""Augmentation modérée à forte"",""Augmentation modérée"""
"37,""Chevalier culblanc"",""TRIOCH"",2014,2023,0.0381328012828003,0.0271830127897364,-0.015145903785083,0.0914115063506835,1.03886918687874,0.984968218527324,1.0957198081576,""+40.9%"",""-12.7%"",""+127.7%"",0.160671319387099,""Incertain"",""Incertain"""
"38,""Cigogne blanche"",""CICCIC"",2014,2023,0.0312319346362113,0.0688016978074175,-0.103619393066327,0.16608326233875,1.03172476884747,0.901568375302974,1.18067140309313,""+32.5%"",""-60.6%"",""+345.8%"",0.649871050703816,""Incertain"",""Incertain"""
"39,""Alouette des champs"",""ALAARV"",2014,2023,0.0303750696693523,0.0175524353794719,-0.0040277036744128,0.0647778430131171,1.03084109868467,0.995980396645153,1.066921973883,""+31.4%"",""-3.6%"",""+79.1%"",0.0835350802260695,""Incertain"",""Incertain"""
"40,""Bergeronnette des ruisseaux"",""MOTCIN"",2014,2023,0.0268527422409239,0.0161449855164081,-0.004791429371236,0.0584969138530839,1.02721652602172,0.995220031214971,1.06024171362785,""+27.3%"",""-4.2%"",""+69.3%"",0.0962674211548103,""Incertain"",""Incertain"""
"41,""Fauvette à tête noire"",""SYLATR"",2014,2023,0.0264934876761465,0.0172303343758158,-0.00727796770045245,0.0602649430527453,1.02684756007605,0.99274845257232,1.06211791003252,""+26.9%"",""-6.3%"",""+72%"",0.124144664917876,""Incertain"",""Incertain"""
"42,""Bec-croisé des sapins"",""LOXCUR"",2014,2023,0.0255965229994264,0.0448002921785203,-0.0622120496704734,0.113405095669326,1.02592692703567,0.939683606064114,1.12008558287547,""+25.9%"",""-42.9%"",""+177.5%"",0.567764289807743,""Incertain"",""Incertain"""
"43,""Perdrix grise"",""PERPER"",2014,2023,0.0253697388861577,0.0550124369699789,-0.0824546375750007,0.133194115347316,1.02569428948749,0.920853209044007,1.14247174810786,""+25.6%"",""-52.4%"",""+231.6%"",0.644681164161693,""Incertain"",""Incertain"""
"44,""Tourterelle turque"",""STRDEC"",2014,2023,0.0245548396214367,0.00957304052959188,0.00579168018343669,0.0433179990594368,1.02485879243436,1.00580848438897,1.04426991890816,""+24.7%"",""+5.4%"",""+47.7%"",0.0103176095041522,""Augmentation modérée"",""Augmentation modérée"""
"45,""Faucon crécerelle"",""FALTIN"",2014,2023,0.0231225548582288,0.0082337632836714,0.00698437882223293,0.0392607308942249,1.02339195351779,1.00700882648009,1.04004161928333,""+23.1%"",""+6.5%"",""+42.4%"",0.00498098668202854,""Augmentation modérée"",""Augmentation modérée"""
"46,""Vanneau huppé"",""VANVAN"",2014,2023,0.0229869696936261,0.0390955933563453,-0.0536403932848106,0.0996143326720629,1.02325320615757,0.94777287071636,1.10474477194136,""+23%"",""-38.3%"",""+145.1%"",0.556553568351055,""Incertain"",""Incertain"""
"47,""Faisan de Colchide"",""PHACOL"",2014,2023,0.0210987649092758,0.0212505186305394,-0.0205522516065816,0.062749781425133,1.02132291752173,0.979657506458537,1.06476038307093,""+20.9%"",""-16.9%"",""+75.9%"",0.320778759087484,""Incertain"",""Incertain"""
"48,""Pic épeichette"",""DENMIN"",2014,2023,0.0208860581011218,0.0181826965821596,-0.014752027199911,0.0565241434021548,1.02110569828668,0.985356250859148,1.05815216188501,""+20.7%"",""-12.4%"",""+66.3%"",0.250688904210752,""Incertain"",""Incertain"""
"49,""Roitelet à triple bandeau"",""REGIGN"",2014,2023,0.0204889674192615,0.0101101991840628,0.000672977018498401,0.0403049578200245,1.02070030722253,1.00067320351834,1.04112822597939,""+20.2%"",""+0.6%"",""+43.7%"",0.0427070039333258,""Augmentation modérée"",""Augmentation modérée"""
"50,""Mésange boréale"",""PARMON"",2014,2023,0.0198857131137543,0.0596750861077137,-0.0970774556573645,0.136848881884873,1.02008475105468,0.907485713508538,1.14665485510644,""+19.6%"",""-58.3%"",""+242.7%"",0.738958344790573,""Incertain"",""Incertain"""
"51,""Canard colvert"",""ANAPLA"",2014,2023,0.0178286806596376,0.0181957131515228,-0.0178349171173472,0.0534922784366224,1.01798856032115,0.98232318371659,1.05494884588177,""+17.4%"",""-14.8%"",""+61.8%"",0.327170718043626,""Incertain"",""Incertain"""
"52,""Grand Cormoran"",""PHACAR"",2014,2023,0.0171896992032158,0.014533231662087,-0.0112954348544747,0.0456748332609062,1.01733829228499,0.988768119055049,1.04673399253451,""+16.7%"",""-9.7%"",""+50.8%"",0.236894072470878,""Incertain"",""Stable"""
"53,""Pie bavarde"",""PICPIC"",2014,2023,0.0171714275112172,0.00655772919719499,0.00431827828471513,0.0300245767377195,1.01731970396287,1.00432761548376,1.03047985947554,""+16.7%"",""+4%"",""+31%"",0.00883167544172532,""Augmentation modérée"",""Augmentation modérée"""
"54,""Pic épeiche"",""DENMAJ"",2014,2023,0.0171270889585374,0.00529906598128704,0.00674091963521487,0.0275132582818601,1.01727459847955,1.00676369077136,1.02789524314177,""+16.7%"",""+6.3%"",""+28.1%"",0.00122885845891341,""Augmentation modérée"",""Augmentation modérée"""
"55,""Étourneau sansonnet"",""STUVUL"",2014,2023,0.0169778608522269,0.00938972521794936,-0.00142600057495395,0.0353817222794076,1.01712280384391,0.998575015680748,1.03601510337612,""+16.5%"",""-1.3%"",""+37.5%"",0.0705859884234287,""Incertain"",""Stable"""
"56,""Cisticole des joncs"",""CISJUN"",2014,2023,0.0161990430426552,0.030742496105446,-0.0440562493240189,0.0764543354093294,1.01633095888126,0.956900130973688,1.07945289643702,""+15.7%"",""-32.7%"",""+99%"",0.598244468545704,""Incertain"",""Incertain"""
"57,""Goéland brun"",""LARFUS"",2014,2023,0.0137404501894347,0.0832365889489952,-0.149403264150596,0.176884164529465,1.01383528403056,0.861221745007278,1.1934928363155,""+13.2%"",""-73.9%"",""+391.3%"",0.868883340085931,""Incertain"",""Incertain"""
"58,""Chardonneret élégant"",""CARCAR"",2014,2023,0.0132018721296472,0.0121241907307032,-0.0105615417025309,0.0369652859618254,1.01328940160368,0.989494035546474,1.03765699894825,""+12.6%"",""-9.1%"",""+39.5%"",0.276203775797206,""Incertain"",""Stable"""
"59,""Mouette rieuse"",""LARRID"",2014,2023,0.0130686370621265,0.0281355077686842,-0.0420769581644946,0.0682142322887476,1.01315440491519,0.958795990553591,1.07059463985282,""+12.5%"",""-31.5%"",""+84.8%"",0.642297357404051,""Incertain"",""Incertain"""
"60,""Rougegorge familier"",""ERIRUB"",2014,2023,0.0126054721906941,0.00351460647766103,0.00571684349447853,0.0194941008869098,1.01268525604052,1.00573321582874,1.01968535160371,""+12%"",""+5.3%"",""+19.2%"",0.00033502325185073,""Augmentation modérée"",""Augmentation modérée"""
"61,""Grive musicienne"",""TURPHI"",2014,2023,0.0110167114705626,0.00952928793089459,-0.0076606928739908,0.029694115815116,1.0110776188974,0.992368575447436,1.03013938241073,""+10.4%"",""-6.7%"",""+30.6%"",0.247644475264127,""Incertain"",""Stable"""
"62,""Aigrette garzette"",""EGRGAR"",2014,2023,0.0107358635596904,0.0323994139334312,-0.0527669877498345,0.0742387148692155,1.01079369973132,0.948601022391027,1.07706388597521,""+10.1%"",""-37.8%"",""+95.1%"",0.740372720648681,""Incertain"",""Incertain"""
"63,""Râle d'eau"",""RALAQU"",2014,2023,0.00984040343890323,0.0320212930643216,-0.0529213309671671,0.0726021378449735,1.00988897941381,0.94845462355539,1.07530262957477,""+9.3%"",""-37.9%"",""+92.2%"",0.758608854071934,""Incertain"",""Incertain"""
"64,""Sarcelle d'hiver"",""ANACRE"",2014,2023,0.00971727095465582,0.0539996076363665,-0.0961219600126226,0.115556501921934,1.00976463693041,0.908353226541923,1.1224979360473,""+9.1%"",""-57.9%"",""+182.9%"",0.85719121729848,""Incertain"",""Incertain"""
"65,""Pic vert"",""PICVIR"",2014,2023,0.00945578066612334,0.00560489932140186,-0.00152982200382432,0.0204413833360708,1.00950062780357,0.998471347577364,1.02065173928973,""+8.9%"",""-1.4%"",""+20.2%"",0.0915925283585576,""Stable"",""Stable"""
"66,""Mésange à longue queue"",""AEGCAU"",2014,2023,0.00771419475506373,0.0094275405913188,-0.0107637848039211,0.0261921743140486,1.00774402581362,0.989293937438831,1.02653820379429,""+7.2%"",""-9.2%"",""+26.6%"",0.413207809183425,""Stable"",""Stable"""
"67,""Pinson des arbres"",""FRICOE"",2014,2023,0.00574372890884349,0.0074191779185739,-0.00879785981156142,0.0202853176292482,1.00576025574647,0.991240728110443,1.02049246298373,""+5.3%"",""-7.6%"",""+20%"",0.438828358672382,""Stable"",""Stable"""
"68,""Bécassine des marais"",""GALGAL"",2014,2023,0.00480552358085256,0.0494239664451447,-0.092065450651631,0.101676497813336,1.00481708862724,0.912045453622287,1.10702528869298,""+4.4%"",""-56.3%"",""+149.7%"",0.922543241061861,""Incertain"",""Incertain"""
"69,""Moineau domestique"",""PASDOM"",2014,2023,0.00470690355426501,0.00656533493390357,-0.00816115291618599,0.017574960024716,1.00471799842547,0.991872058882008,1.01773030838059,""+4.3%"",""-7.1%"",""+17.1%"",0.473415600009867,""Stable"",""Stable"""
"70,""Mésange bleue"",""PARCAE"",2014,2023,0.00469814411724351,0.00451840784659427,-0.00415793526208116,0.0135542234965683,1.00470919769998,0.995850696982492,1.01364649841751,""+4.3%"",""-3.7%"",""+13%"",0.298442739443909,""Stable"",""Stable"""
"71,""Fauvette mélanocéphale"",""SYLMEL"",2014,2023,0.00312558444228692,0.00999244548677818,-0.0164596087117983,0.0227107775963721,1.00313047417444,0.983675110493157,1.02297063073289,""+2.9%"",""-13.8%"",""+22.7%"",0.754436607755277,""Stable"",""Stable"""
"72,""Mésange charbonnière"",""PARMAJ"",2014,2023,0.00221403718099914,0.00364604252679229,-0.00493220617151378,0.00936028053351191,1.00221648997117,0.99507993718463,1.00940422496306,""+2%"",""-4.3%"",""+8.8%"",0.543689044655603,""Stable"",""Stable"""
"73,""Grive draine"",""TURVIS"",2014,2023,0.00101548408382224,0.00864605961943985,-0.0159307927702799,0.0179617609379245,1.00101599986236,0.984195431137661,1.01812404353692,""+0.9%"",""-13.4%"",""+17.5%"",0.906503062381616,""Stable"",""Stable"""
"74,""Mésange huppée"",""PARCRI"",2014,2023,-0.00181105964731096,0.0143243420239308,-0.0298867700142153,0.0262646507195933,0.998190579331633,0.970555423303767,1.02661260628964,""-1.6%"",""-23.6%"",""+26.7%"",0.899389727896106,""Stable"",""Stable"""
"75,""Héron cendré"",""ARDCIN"",2014,2023,-0.00385200401737828,0.00986153420632663,-0.0231806110617785,0.015476603027022,0.996155405433299,0.977085995296812,1.0155969858851,""-3.4%"",""-18.8%"",""+14.9%"",0.696086271917773,""Stable"",""Stable"""
"76,""Martin-pêcheur d'Europe"",""ALCATT"",2014,2023,-0.00440635976150626,0.0223166983880577,-0.0481470886020994,0.039334369079087,0.995603333998377,0.952993602271196,1.04011820888028,""-3.9%"",""-35.2%"",""+42.5%"",0.843477941599041,""Incertain"",""Stable"""
"77,""Corneille noire"",""CORCOR"",2014,2023,-0.00565738776528076,0.00525250647759166,-0.0159523004613604,0.00463752493079899,0.994358585117091,0.984174263593998,1.00464829489176,""-5%"",""-13.4%"",""+4.3%"",0.281442988855584,""Stable"",""Stable"""
"78,""Buse variable"",""BUTBUT"",2014,2023,-0.00756456337866077,0.00597817455833031,-0.0192817855129882,0.00415265875566672,0.992463975923101,0.980902919063554,1.00416129299058,""-6.6%"",""-15.9%"",""+3.8%"",0.205741083353075,""Stable"",""Stable"""
"79,""Mésange nonnette"",""PARPAL"",2014,2023,-0.00773150970387314,0.0109859176090617,-0.029263908217634,0.0138008888098877,0.992298301539165,0.971160133504299,1.01389656068821,""-6.7%"",""-23.2%"",""+13.2%"",0.481578827509765,""Stable"",""Stable"""
"80,""Linotte mélodieuse"",""CARCAN"",2014,2023,-0.0097822493945868,0.0249061786850582,-0.0585983596173008,0.0390338608281273,0.990265441173328,0.943085474311188,1.03980569173588,""-8.4%"",""-41%"",""+42.1%"",0.69449382487341,""Incertain"",""Incertain"""
"81,""Bruant des roseaux"",""EMBSCH"",2014,2023,-0.00992003182484712,0.0270035496140213,-0.0628469890683289,0.0430069254186347,0.990129009393407,0.939087153296824,1.0439451245826,""-8.5%"",""-43.2%"",""+47.3%"",0.713350287762434,""Incertain"",""Incertain"""
"82,""Chevêche d'Athéna"",""ATHNOC"",2014,2023,-0.0130131152611657,0.0590246671337758,-0.128701462843366,0.102675232321035,0.987071189238958,0.879236411106939,1.10813146534614,""-11.1%"",""-68.6%"",""+152%"",0.825505834692707,""Incertain"",""Incertain"""
"83,""Pigeon colombin"",""COLOEN"",2014,2023,-0.0131645363167957,0.0552254342921508,-0.121406387529411,0.09507731489582,0.98692173719288,0.885673959595771,1.09974387842267,""-11.2%"",""-66.5%"",""+135.3%"",0.811587820421216,""Incertain"",""Incertain"""
"84,""Sittelle torchepot"",""SITEUR"",2014,2023,-0.0149776945943698,0.00708477602669763,-0.0288638556066972,-0.00109153358204242,0.98513391316953,0.971548726374958,0.998909061924047,""-12.6%"",""-22.9%"",""-1%"",0.0345095043292829,""Déclin modéré"",""Déclin modéré"""
"85,""Accenteur mouchet"",""PRUMOD"",2014,2023,-0.0156081226850194,0.00868167812110407,-0.0326242118023833,0.00140796643234454,0.984513052802088,0.967902217485358,1.00140895808243,""-13.1%"",""-25.4%"",""+1.3%"",0.0722050233462694,""Stable"",""Stable"""
"86,""Grive litorne"",""TURPIL"",2014,2023,-0.0158938434409874,0.0225702672296888,-0.0601315672111775,0.0283438803292027,0.98423179717058,0.941640636401561,1.02874939028069,""-13.3%"",""-41.8%"",""+29.1%"",0.481312058665995,""Incertain"",""Incertain"""
"87,""Merle noir"",""TURMER"",2014,2023,-0.0160000026176688,0.00384759372479952,-0.0235412863182759,-0.00845871891706187,0.984127317479166,0.976733648100116,0.991576955388626,""-13.4%"",""-19.1%"",""-7.3%"",3.2042291469357e-05,""Déclin modéré"",""Déclin modéré"""
"88,""Geai des chênes"",""GARGLA"",2014,2023,-0.0161443264915038,0.00512790665042405,-0.026195023526335,-0.00609362945667271,0.983985294661248,0.974145089871553,0.993924899048919,""-13.5%"",""-21%"",""-5.3%"",0.00164207940358248,""Déclin modéré"",""Déclin modéré"""
"89,""Corbeau freux"",""CORFRU"",2014,2023,-0.0161511057842315,0.026276730537464,-0.067653497637661,0.0353512860691979,0.983978623959508,0.934584253130298,1.03598357148252,""-13.5%"",""-45.6%"",""+37.5%"",0.538783036989617,""Incertain"",""Incertain"""
"90,""Gallinule poule-d'eau"",""GALCHL"",2014,2023,-0.0163582591815582,0.0182251444312074,-0.0520795422667248,0.0193630239036082,0.983774810555706,0.949253358076063,1.01955170308322,""-13.7%"",""-37.4%"",""+19%"",0.3694172883852,""Incertain"",""Incertain"""
"91,""Bruant proyer"",""MILCAL"",2014,2023,-0.017252931069085,0.0528437318631424,-0.120826645520844,0.0863207833826741,0.982895048496918,0.886187570862671,1.09015597614319,""-14.4%"",""-66.3%"",""+117.5%"",0.744053925239748,""Incertain"",""Incertain"""
"92,""Busard des roseaux"",""CIRAER"",2014,2023,-0.0210770413859266,0.0453296500460219,-0.10992315547613,0.0677690727042764,0.979143527089245,0.895902977889176,1.07011816045036,""-17.3%"",""-62.8%"",""+84%"",0.641951139351231,""Incertain"",""Incertain"""
"93,""Pipit farlouse"",""ANTPRA"",2014,2023,-0.0217222257994208,0.0142744224166747,-0.0497000937361032,0.00625564213726153,0.978512002693748,0.95151474694638,1.00627524953083,""-17.8%"",""-36.1%"",""+5.8%"",0.128069565648339,""Incertain"",""Stable"""
"94,""Perdrix rouge"",""ALERUF"",2014,2023,-0.0225482208297085,0.0345161183535744,-0.0901998128027143,0.0451033711432973,0.977704090354169,0.913748588362819,1.04613599459342,""-18.4%"",""-55.6%"",""+50.1%"",0.513584541364168,""Incertain"",""Incertain"""
"95,""Mésange noire"",""PARATE"",2014,2023,-0.0272851081311515,0.0176618780077447,-0.0619023890263311,0.00733217276402812,0.973083767876707,0.939974634152505,1.00735911896055,""-21.8%"",""-42.7%"",""+6.8%"",0.122380414491318,""Incertain"",""Incertain"""
"96,""Grèbe castagneux"",""TACRUF"",2014,2023,-0.030053595396047,0.0507789694438841,-0.12958037550606,0.069473184713966,0.970393523529557,0.8784639785918,1.07194331635273,""-23.7%"",""-68.8%"",""+86.9%"",0.55395021597482,""Incertain"",""Incertain"""
"97,""Cincle plongeur"",""CINCIN"",2014,2023,-0.0307219612515862,0.0497113773221361,-0.128156260802973,0.0667123382998005,0.969745162327374,0.879715903290444,1.06898792705679,""-24.2%"",""-68.4%"",""+82.3%"",0.536570961872751,""Incertain"",""Incertain"""
"98,""Troglodyte mignon"",""TROTRO"",2014,2023,-0.0367824796793322,0.00558705131404306,-0.0477331002548566,-0.0258318591038079,0.963885777290899,0.953388212193852,0.974498928957569,""-28.2%"",""-34.9%"",""-20.7%"",4.59430113010026e-11,""Déclin modéré"",""Déclin modéré"""
"99,""Foulque macroule"",""FULATR"",2014,2023,-0.0386519490187941,0.0396255827278353,-0.116318091165351,0.0390141931277631,0.962085505684113,0.890192016041228,1.03978524135021,""-29.4%"",""-64.9%"",""+42.1%"",0.329347423264166,""Incertain"",""Incertain"""
"100,""Grèbe huppé"",""PODCRI"",2014,2023,-0.0423823035079648,0.0439114177267348,-0.128448682252365,0.0436840752364355,0.958503271355034,0.879458693099671,1.04465227122859,""-31.7%"",""-68.5%"",""+48.2%"",0.334456015756171,""Incertain"",""Incertain"""
"101,""Grosbec casse-noyaux"",""COCCOC"",2014,2023,-0.0431828673378237,0.0190143895925024,-0.0804510709391284,-0.00591466373651894,0.957736235376782,0.922700049326158,0.994102793452281,""-32.2%"",""-51.5%"",""-5.2%"",0.0231431941435265,""Déclin modéré à fort"",""Déclin modéré"""
"102,""Bruant fou"",""EMBCIA"",2014,2023,-0.0457774568926632,0.0464841908671581,-0.136886470992293,0.0453315572069667,0.955254523847806,0.872069225666185,1.04637473548573,""-33.8%"",""-70.8%"",""+50.4%"",0.324724162563499,""Incertain"",""Incertain"""
"103,""Serin cini"",""SERSER"",2014,2023,-0.0461629389629089,0.0325508570129435,-0.109962618708278,0.0176367407824603,0.954886361320927,0.895867623359584,1.01779318647253,""-34%"",""-62.8%"",""+17.2%"",0.156138537209789,""Incertain"",""Incertain"""
"104,""Fauvette pitchou"",""SYLUND"",2014,2023,-0.0602046794307953,0.0418991247765748,-0.142326963992882,0.0219176051312914,0.941571793481212,0.867337621947252,1.0221595602979,""-41.8%"",""-72.2%"",""+21.8%"",0.150747583063067,""Incertain"",""Incertain"""
"105,""Bruant jaune"",""EMBCIT"",2014,2023,-0.0613648426545352,0.0256984179659273,-0.111733741867753,-0.0109959434413176,0.940480049936714,0.894282335748234,0.989064290964568,""-42.4%"",""-63.4%"",""-9.4%"",0.0169456866623893,""Déclin modéré à fort"",""Déclin modéré"""
"106,""Verdier d'Europe"",""CARCHL"",2014,2023,-0.0644009511730277,0.0135012101266825,-0.0908633230213254,-0.03793857932473,0.937628980713492,0.913142507929714,0.962772073186074,""-44%"",""-55.9%"",""-28.9%"",1.84213803250264e-06,""Déclin modéré à fort"",""Déclin modéré"""
"107,""Bouvreuil pivoine"",""PYRPYR"",2014,2023,-0.0780850155261217,0.0151188494276741,-0.107717960404363,-0.0484520706478804,0.924885793548733,0.897880798659614,0.95270300064915,""-50.5%"",""-62.1%"",""-35.3%"",2.40765775206463e-07,""Déclin fort"",""Déclin modéré"""
"108,""Roitelet huppé"",""REGREG"",2014,2023,-0.0801383357748704,0.0136043329793274,-0.106802828414352,-0.0534738431353886,0.922988655203896,0.898702854188969,0.947930735575439,""-51.4%"",""-61.8%"",""-38.2%"",3.84684357578199e-09,""Déclin fort"",""Fort déclin"""
"109,""Cochevis huppé"",""GALCRI"",2014,2023,-0.129721495708387,0.0466154629461199,-0.221087803082782,-0.0383551883339926,0.878340018324258,0.801646290184427,0.962371057205754,""-68.9%"",""-86.3%"",""-29.2%"",0.00538920678798072,""Déclin modéré à fort"",""Déclin modéré"""
"110,""Moineau friquet"",""PASMON"",2014,2023,-0.174522709855086,0.0518880346426176,-0.276223257754617,-0.072822161955556,0.839857780964137,0.758643538799883,0.929766163120339,""-79.2%"",""-91.7%"",""-48.1%"",0.000769753173342101,""Déclin fort"",""Fort déclin"""
"111,""Bernache du Canada"",""BRACAN"",NA,NA,NA,NA,NA,NA,NA,NA,NA,NA,NA,NA,NA,NA,NA"
"112,""Grive mauvis"",""TURILI"",NA,NA,NA,NA,NA,NA,NA,NA,NA,NA,NA,NA,NA,NA,NA"
