french_name;species;minYear;maxYear;estimate;se;infIC;supIC;GR;infGR;supGR;perc;infPerc;supPerc;pval;trend;trendEBCC;Protocole;Espece;Comparaison
Épervier d'Europe;Épervier d'Europe;2014;2023;0.053897676;0.013771187;0.02690615;0.080889201;1.055376606;1.027271389;1.084250756;62.40%;27.40%;107.10%;9.09E-05;Augmentation modérée à forte;Augmentation modérée;SHOC;autre;Similaire
Épervier d'Europe;Épervier d'Europe;2015;2024;0.054008086;0.009689556;0.035016557;0.072999615;1.055493137;1.035636855;1.075730123;62.60%;37%;92.90%;2.49E-08;Augmentation forte;Augmentation modérée;ODJ;autre;Similaire
Étourneau sansonnet;Étourneau sansonnet;2015;2024;0.027617331;0.003735254;0.020296233;0.034938429;1.028002225;1.020503602;1.035555947;28.20%;20%;37%;1.43E-13;Augmentation modérée;Augmentation modérée;ODJ;odj;Incertain
Étourneau sansonnet;Étourneau sansonnet;2014;2023;0.016977861;0.009389725;-0.001426001;0.035381722;1.017122804;0.998575016;1.036015103;16.50%;-1.30%;37.50%;0.070585988;Incertain;Stable;SHOC;odj;Incertain
Accenteur mouchet;Accenteur mouchet;2015;2024;0.005986284;0.00271643;0.000662081;0.011310488;1.006004238;1.0006623;1.011374693;5.50%;0.60%;10.70%;0.027543195;Augmentation modérée;Augmentation modérée;ODJ;odj;Different
Accenteur mouchet;Accenteur mouchet;2014;2023;-0.015608123;0.008681678;-0.032624212;0.001407966;0.984513053;0.967902217;1.001408958;-13.10%;-25.40%;1.30%;0.072205023;Stable;Stable;SHOC;odj;Different
Aigrette garzette;Aigrette garzette;2015;2024;0.000496206;0.045230224;-0.088155032;0.089147445;1.000496329;0.915618915;1.093241837;0.40%;-54.80%;123.10%;0.991246841;Incertain;Incertain;ODJ;autre;Incertain
Aigrette garzette;Aigrette garzette;2014;2023;0.010735864;0.032399414;-0.052766988;0.074238715;1.0107937;0.948601022;1.077063886;10.10%;-37.80%;95.10%;0.740372721;Incertain;Incertain;SHOC;autre;Incertain
Bergeronnette des ruisseaux;Bergeronnette des ruisseaux;2015;2024;0.005371982;0.025638875;-0.044880214;0.055624177;1.005386437;0.956112004;1.057200289;5%;-33.20%;65%;0.83403853;Incertain;Incertain;ODJ;autre;Incertain
Bergeronnette des ruisseaux;Bergeronnette des ruisseaux;2014;2023;0.026852742;0.016144986;-0.004791429;0.058496914;1.027216526;0.995220031;1.060241714;27.30%;-4.20%;69.30%;0.096267421;Incertain;Incertain;SHOC;autre;Incertain
Bergeronnette grise;Bergeronnette grise;2015;2024;0.007345228;0.006131704;-0.004672912;0.019363367;1.00737227;0.995337989;1.019552053;6.80%;-4.10%;19%;0.230952161;Stable;Stable;ODJ;odj;Different
Bergeronnette grise;Bergeronnette grise;2014;2023;0.045819149;0.013958421;0.018460644;0.073177654;1.046885064;1.018632095;1.075921662;51%;18.10%;93.20%;0.001028745;Augmentation modérée à forte;Augmentation modérée;SHOC;odj;Different
Bouvreuil pivoine;Bouvreuil pivoine;2015;2024;-0.036126775;0.008267605;-0.05233128;-0.019922269;0.964518009;0.949014425;0.980274868;-27.80%;-37.60%;-16.40%;1.24E-05;Déclin modéré;Déclin modéré;ODJ;odj;Similaire
Bouvreuil pivoine;Bouvreuil pivoine;2014;2023;-0.078085016;0.015118849;-0.10771796;-0.048452071;0.924885794;0.897880799;0.952703001;-50.50%;-62.10%;-35.30%;2.41E-07;Déclin fort;Déclin modéré;SHOC;odj;Similaire
Bruant des roseaux;Bruant des roseaux;2015;2024;-0.011294248;0.049459296;-0.108234467;0.085645971;0.988769293;0.897417157;1.089420574;-9.70%;-62.20%;116.20%;0.819370733;Incertain;Incertain;ODJ;autre;Incertain
Bruant des roseaux;Bruant des roseaux;2014;2023;-0.009920032;0.02700355;-0.062846989;0.043006925;0.990129009;0.939087153;1.043945125;-8.50%;-43.20%;47.30%;0.713350288;Incertain;Incertain;SHOC;autre;Incertain
Bruant jaune;Bruant jaune;2015;2024;-0.029527854;0.021803626;-0.072262961;0.013207253;0.970903834;0.930286235;1.013294854;-23.30%;-47.80%;12.60%;0.175652343;Incertain;Incertain;ODJ;odj;Incertain
Bruant jaune;Bruant jaune;2014;2023;-0.061364843;0.025698418;-0.111733742;-0.010995943;0.94048005;0.894282336;0.989064291;-42.40%;-63.40%;-9.40%;0.016945687;Déclin modéré à fort;Déclin modéré;SHOC;odj;Incertain
Bruant zizi;Bruant zizi;2015;2024;0.011815651;0.012782431;-0.013237914;0.036869215;1.011885731;0.986849322;1.037557315;11.20%;-11.20%;39.40%;0.355295528;Incertain;Stable;ODJ;odj;Incertain
Bruant zizi;Bruant zizi;2014;2023;0.043227942;0.015398827;0.013046241;0.073409643;1.044175879;1.013131715;1.076171293;47.60%;12.50%;93.60%;0.004997063;Augmentation modérée à forte;Augmentation modérée;SHOC;odj;Incertain
Buse variable;Buse variable;2015;2024;0.041246442;0.01248001;0.016785623;0.065707262;1.042108894;1.016927293;1.067914052;44.90%;16.30%;80.60%;0.000949761;Augmentation modérée à forte;Augmentation modérée;ODJ;autre;Different
Buse variable;Buse variable;2014;2023;-0.007564563;0.005978175;-0.019281786;0.004152659;0.992463976;0.980902919;1.004161293;-6.60%;-15.90%;3.80%;0.205741083;Stable;Stable;SHOC;autre;Different
Canard colvert;Canard colvert;2015;2024;-1.53E-05;0.02891645;-0.056691513;0.056660972;0.99998473;0.944885509;1.058296958;0%;-40%;66.50%;0.99957865;Incertain;Incertain;ODJ;autre;Incertain
Canard colvert;Canard colvert;2014;2023;0.017828681;0.018195713;-0.017834917;0.053492278;1.01798856;0.982323184;1.054948846;17.40%;-14.80%;61.80%;0.327170718;Incertain;Incertain;SHOC;autre;Incertain
Chardonneret élégant;Chardonneret élégant;2015;2024;0.029001988;0.003162592;0.022803308;0.035200668;1.029426641;1.023065291;1.035827546;29.80%;22.80%;37.30%;4.72E-20;Augmentation modérée;Augmentation modérée;ODJ;odj;Incertain
Chardonneret élégant;Chardonneret élégant;2014;2023;0.013201872;0.012124191;-0.010561542;0.036965286;1.013289402;0.989494036;1.037656999;12.60%;-9.10%;39.50%;0.276203776;Incertain;Stable;SHOC;odj;Incertain
Choucas des tours;Choucas des tours;2015;2024;0.061598879;0.009348827;0.043275179;0.07992258;1.063535653;1.044225204;1.083203203;74.10%;47.60%;105.30%;4.43E-11;Augmentation forte;Augmentation modérée;ODJ;odj;Similaire
Choucas des tours;Choucas des tours;2014;2023;0.080874222;0.01937466;0.042899888;0.118848556;1.084234515;1.043833389;1.12619935;107.10%;47.10%;191.40%;2.99E-05;Augmentation forte;Augmentation modérée;SHOC;odj;Similaire
Corbeau freux;Corbeau freux;2015;2024;0.038124173;0.034892202;-0.030264543;0.10651289;1.038860223;0.970188843;1.112392265;40.90%;-23.80%;160.80%;0.274557465;Incertain;Incertain;ODJ;autre;Incertain
Corbeau freux;Corbeau freux;2014;2023;-0.016151106;0.026276731;-0.067653498;0.035351286;0.983978624;0.934584253;1.035983571;-13.50%;-45.60%;37.50%;0.538783037;Incertain;Incertain;SHOC;autre;Incertain
Corneille noire;Corneille noire;2015;2024;0.019589395;0.003070729;0.013570766;0.025608024;1.019782526;1.013663267;1.025938726;19.30%;13%;25.90%;1.78E-10;Augmentation modérée;Augmentation modérée;ODJ;odj;Different
Corneille noire;Corneille noire;2014;2023;-0.005657388;0.005252506;-0.0159523;0.004637525;0.994358585;0.984174264;1.004648295;-5%;-13.40%;4.30%;0.281442989;Stable;Stable;SHOC;odj;Different
Faisan de Colchide;Faisan de Colchide;2015;2024;0.011126074;0.020535215;-0.029122947;0.051375095;1.011188199;0.971297039;1.052717688;10.50%;-23.10%;58.80%;0.58795312;Incertain;Incertain;ODJ;autre;Incertain
Faisan de Colchide;Faisan de Colchide;2014;2023;0.021098765;0.021250519;-0.020552252;0.062749781;1.021322918;0.979657506;1.064760383;20.90%;-16.90%;75.90%;0.320778759;Incertain;Incertain;SHOC;autre;Incertain
Faucon crécerelle;Faucon crécerelle;2015;2024;0.061025128;0.016133879;0.029402726;0.092647531;1.062925623;1.029839254;1.097074982;73.20%;30.30%;130.20%;0.00015531;Augmentation modérée à forte;Augmentation modérée;ODJ;autre;Similaire
Faucon crécerelle;Faucon crécerelle;2014;2023;0.023122555;0.008233763;0.006984379;0.039260731;1.023391954;1.007008826;1.040041619;23.10%;6.50%;42.40%;0.004980987;Augmentation modérée;Augmentation modérée;SHOC;autre;Similaire
Fauvette à tête noire;Fauvette à tête noire;2015;2024;0.04265545;0.005006715;0.032842289;0.052468612;1.043578269;1.03338755;1.053869482;46.80%;34.40%;60.40%;1.60E-17;Augmentation forte;Augmentation modérée;ODJ;odj;Incertain
Fauvette à tête noire;Fauvette à tête noire;2014;2023;0.026493488;0.017230334;-0.007277968;0.060264943;1.02684756;0.992748453;1.06211791;26.90%;-6.30%;72%;0.124144665;Incertain;Incertain;SHOC;odj;Incertain
Fauvette mélanocéphale;Fauvette mélanocéphale;2015;2024;0.017781495;0.015832406;-0.01325002;0.048813011;1.017940527;0.986837375;1.050023989;17.40%;-11.20%;55.20%;0.261391799;Incertain;Incertain;ODJ;autre;Incertain
Fauvette mélanocéphale;Fauvette mélanocéphale;2014;2023;0.003125584;0.009992445;-0.016459609;0.022710778;1.003130474;0.98367511;1.022970631;2.90%;-13.80%;22.70%;0.754436608;Stable;Stable;SHOC;autre;Incertain
Gallinule poule-d'eau;Gallinule poule-d'eau;2015;2024;0.001848526;0.025430913;-0.047996064;0.051693117;1.001850236;0.953137539;1.053052529;1.70%;-35.10%;59.20%;0.942054268;Incertain;Incertain;ODJ;autre;Incertain
Gallinule poule-d'eau;Gallinule poule-d'eau;2014;2023;-0.016358259;0.018225144;-0.052079542;0.019363024;0.983774811;0.949253358;1.019551703;-13.70%;-37.40%;19%;0.369417288;Incertain;Incertain;SHOC;autre;Incertain
Geai des chênes;Geai des chênes;2015;2024;0.030323971;0.003679022;0.023113088;0.037534854;1.030788425;1.023382265;1.038248184;31.40%;23.10%;40.20%;1.69E-16;Augmentation modérée à forte;Augmentation modérée;ODJ;odj;Oppose
Geai des chênes;Geai des chênes;2014;2023;-0.016144326;0.005127907;-0.026195024;-0.006093629;0.983985295;0.97414509;0.993924899;-13.50%;-21%;-5.30%;0.001642079;Déclin modéré;Déclin modéré;SHOC;odj;Oppose
Goéland leucophée;Goéland leucophée;2015;2024;-0.008622208;0.060887209;-0.127961137;0.110716721;0.991414857;0.879887574;1.117078417;-7.50%;-68.40%;170.90%;0.88738845;Incertain;Incertain;ODJ;autre;Incertain
Goéland leucophée;Goéland leucophée;2014;2023;0.195974482;0.045311831;0.107163293;0.284785671;1.216495862;1.113116003;1.329477052;483.40%;162.30%;1197.60%;1.53E-05;Augmentation forte;Forte augmentation;SHOC;autre;Incertain
Grand Corbeau;Grand Corbeau;2015;2024;0.023422146;0.049662454;-0.073916263;0.120760555;1.023698599;0.928749461;1.128354701;23.50%;-48.60%;196.50%;0.637193168;Incertain;Incertain;ODJ;autre;Incertain
Grand Corbeau;Grand Corbeau;2014;2023;0.081229864;0.021295257;0.039491161;0.122968568;1.084620184;1.040281304;1.130848875;107.70%;42.70%;202.40%;0.000136482;Augmentation forte;Augmentation modérée;SHOC;autre;Incertain
Grand Cormoran;Grand Cormoran;2015;2024;0.056607625;0.03697886;-0.01587094;0.129086189;1.058240501;0.98425434;1.137788185;66.40%;-13.30%;219.60%;0.125816246;Incertain;Incertain;ODJ;autre;Incertain
Grand Cormoran;Grand Cormoran;2014;2023;0.017189699;0.014533232;-0.011295435;0.045674833;1.017338292;0.988768119;1.046733993;16.70%;-9.70%;50.80%;0.236894072;Incertain;Stable;SHOC;autre;Incertain
Grande Aigrette;Grande Aigrette;2015;2024;0.04840063;0.038290606;-0.026648957;0.123450217;1.049591069;0.973702993;1.131393679;54.60%;-21.30%;203.80%;0.206217798;Incertain;Incertain;ODJ;autre;Incertain
Grande Aigrette;Grande Aigrette;2014;2023;0.074676536;0.019144561;0.037153197;0.112199874;1.07753555;1.037852004;1.118736445;95.80%;39.70%;174.50%;9.59E-05;Augmentation forte;Augmentation modérée;SHOC;autre;Incertain
Grimpereau des jardins;Grimpereau des jardins;2015;2024;0.05339338;0.008247963;0.037227372;0.069559388;1.054844518;1.03792899;1.072035725;61.70%;39.80%;87%;9.57E-11;Augmentation forte;Augmentation modérée;ODJ;odj;Similaire
Grimpereau des jardins;Grimpereau des jardins;2014;2023;0.053615831;0.007874038;0.038182718;0.069048945;1.055079196;1.038921045;1.071488652;62%;41%;86.20%;9.81E-12;Augmentation forte;Augmentation modérée;SHOC;odj;Similaire
Grive draine;Grive draine;2015;2024;0.011830199;0.010205897;-0.008173359;0.031833758;1.011900453;0.991859952;1.032345872;11.20%;-7.10%;33.20%;0.246393712;Incertain;Stable;ODJ;odj;Incertain
Grive draine;Grive draine;2014;2023;0.001015484;0.00864606;-0.015930793;0.017961761;1.001016;0.984195431;1.018124044;0.90%;-13.40%;17.50%;0.906503062;Stable;Stable;SHOC;odj;Incertain
Grive litorne;Grive litorne;2015;2024;-0.090500839;0.040268008;-0.169426136;-0.011575543;0.913473567;0.844149105;0.988491196;-55.70%;-78.20%;-9.90%;0.024610484;Déclin modéré à fort;Déclin modéré;ODJ;autre;Incertain
Grive litorne;Grive litorne;2014;2023;-0.015893843;0.022570267;-0.060131567;0.02834388;0.984231797;0.941640636;1.02874939;-13.30%;-41.80%;29.10%;0.481312059;Incertain;Incertain;SHOC;autre;Incertain
Grive musicienne;Grive musicienne;2015;2024;0.023063174;0.004784076;0.013686385;0.032439963;1.023331186;1.013780473;1.032971875;23.10%;13.10%;33.90%;1.43E-06;Augmentation modérée;Augmentation modérée;ODJ;odj;Different
Grive musicienne;Grive musicienne;2014;2023;0.011016711;0.009529288;-0.007660693;0.029694116;1.011077619;0.992368575;1.030139382;10.40%;-6.70%;30.60%;0.247644475;Incertain;Stable;SHOC;odj;Different
Grosbec casse-noyaux;Grosbec casse-noyaux;2015;2024;-0.025506312;0.00488487;-0.035080656;-0.015931968;0.974816226;0.965527537;0.984194275;-20.50%;-27.10%;-13.40%;1.77E-07;Déclin modéré;Déclin modéré;ODJ;odj;Similaire
Grosbec casse-noyaux;Grosbec casse-noyaux;2014;2023;-0.043182867;0.01901439;-0.080451071;-0.005914664;0.957736235;0.922700049;0.994102793;-32.20%;-51.50%;-5.20%;0.023143194;Déclin modéré à fort;Déclin modéré;SHOC;odj;Similaire
Héron cendré;Héron cendré;2015;2024;0.020700842;0.023402685;-0.02516842;0.066570105;1.020916591;0.975145664;1.068835892;20.50%;-20.30%;82.10%;0.376399444;Incertain;Incertain;ODJ;autre;Incertain
Héron cendré;Héron cendré;2014;2023;-0.003852004;0.009861534;-0.023180611;0.015476603;0.996155405;0.977085995;1.015596986;-3.40%;-18.80%;14.90%;0.696086272;Stable;Stable;SHOC;autre;Incertain
Héron garde-boeufs;Héron garde-boeufs;2015;2024;0.109522376;0.07366325;-0.034857594;0.253902347;1.115745037;0.965742934;1.289045918;168%;-26.90%;882.70%;0.137068157;Incertain;Incertain;ODJ;autre;Incertain
Héron garde-boeufs;Héron garde-boeufs;2014;2023;0.277306647;0.040470584;0.197984302;0.356628992;1.319570952;1.218943258;1.428505785;1113.10%;494.10%;2377.10%;7.28E-12;Augmentation forte;Forte augmentation;SHOC;autre;Incertain
Linotte mélodieuse;Linotte mélodieuse;2015;2024;-0.005701193;0.039636349;-0.083388438;0.071986051;0.994315028;0.919993718;1.074640354;-5%;-52.80%;91.10%;0.885628797;Incertain;Incertain;ODJ;odj;Incertain
Linotte mélodieuse;Linotte mélodieuse;2014;2023;-0.009782249;0.024906179;-0.05859836;0.039033861;0.990265441;0.943085474;1.039805692;-8.40%;-41%;42.10%;0.694493825;Incertain;Incertain;SHOC;odj;Incertain
Mésange à longue queue;Mésange à longue queue;2015;2024;0.012420072;0.005169853;0.00228716;0.022552983;1.012497521;1.002289778;1.022809224;11.80%;2.10%;22.50%;0.016287737;Augmentation modérée;Augmentation modérée;ODJ;odj;Different
Mésange à longue queue;Mésange à longue queue;2014;2023;0.007714195;0.009427541;-0.010763785;0.026192174;1.007744026;0.989293937;1.026538204;7.20%;-9.20%;26.60%;0.413207809;Stable;Stable;SHOC;odj;Different
Mésange bleue;Mésange bleue;2015;2024;0.003800917;0.001229469;0.001391157;0.006210676;1.003808149;1.001392126;1.006230002;3.50%;1.30%;5.70%;0.001991408;Augmentation modérée;Augmentation modérée;ODJ;odj;Different
Mésange bleue;Mésange bleue;2014;2023;0.004698144;0.004518408;-0.004157935;0.013554223;1.004709198;0.995850697;1.013646498;4.30%;-3.70%;13%;0.298442739;Stable;Stable;SHOC;odj;Different
Mésange charbonnière;Mésange charbonnière;2015;2024;0.005468997;0.001120803;0.003272223;0.007665772;1.005483979;1.003277582;1.007695229;5%;3%;7.10%;1.06E-06;Augmentation modérée;Augmentation modérée;ODJ;odj;Different
Mésange charbonnière;Mésange charbonnière;2014;2023;0.002214037;0.003646043;-0.004932206;0.009360281;1.00221649;0.995079937;1.009404225;2%;-4.30%;8.80%;0.543689045;Stable;Stable;SHOC;odj;Different
Mésange huppée;Mésange huppée;2015;2024;0.004057292;0.005273406;-0.006278584;0.014393168;1.004065534;0.993741086;1.014497248;3.70%;-5.50%;13.80%;0.441663367;Stable;Stable;ODJ;odj;Similaire
Mésange huppée;Mésange huppée;2014;2023;-0.00181106;0.014324342;-0.02988677;0.026264651;0.998190579;0.970555423;1.026612606;-1.60%;-23.60%;26.70%;0.899389728;Stable;Stable;SHOC;odj;Similaire
Mésange noire;Mésange noire;2015;2024;-0.106689786;0.006517442;-0.119463973;-0.0939156;0.898804451;0.887395977;0.910359594;-61.70%;-65.90%;-57.10%;3.14E-60;Déclin fort;Fort déclin;ODJ;autre;Incertain
Mésange noire;Mésange noire;2014;2023;-0.027285108;0.017661878;-0.061902389;0.007332173;0.973083768;0.939974634;1.007359119;-21.80%;-42.70%;6.80%;0.122380414;Incertain;Incertain;SHOC;autre;Incertain
Mésange nonnette;Mésange nonnette;2015;2024;-0.001855538;0.00326582;-0.008256546;0.00454547;0.998146182;0.991777446;1.004555816;-1.70%;-7.20%;4.20%;0.569920198;Stable;Stable;ODJ;odj;Similaire
Mésange nonnette;Mésange nonnette;2014;2023;-0.00773151;0.010985918;-0.029263908;0.013800889;0.992298302;0.971160134;1.013896561;-6.70%;-23.20%;13.20%;0.481578828;Stable;Stable;SHOC;odj;Similaire
Martin-pêcheur d'Europe;Martin-pêcheur d'Europe;2015;2024;0.018305874;0.042546202;-0.065084683;0.10169643;1.018474453;0.936988114;1.107047354;17.90%;-44.30%;149.70%;0.667007466;Incertain;Incertain;ODJ;autre;Incertain
Martin-pêcheur d'Europe;Martin-pêcheur d'Europe;2014;2023;-0.00440636;0.022316698;-0.048147089;0.039334369;0.995603334;0.952993602;1.040118209;-3.90%;-35.20%;42.50%;0.843477942;Incertain;Stable;SHOC;autre;Incertain
Merle noir;Merle noir;2015;2024;-0.001390246;0.001382297;-0.004099548;0.001319056;0.99861072;0.995908843;1.001319927;-1.20%;-3.60%;1.20%;0.31453561;Stable;Stable;ODJ;odj;Different
Merle noir;Merle noir;2014;2023;-0.016000003;0.003847594;-0.023541286;-0.008458719;0.984127317;0.976733648;0.991576955;-13.40%;-19.10%;-7.30%;3.20E-05;Déclin modéré;Déclin modéré;SHOC;odj;Different
Milan royal;Milan royal;2015;2024;0.042068853;0.025049232;-0.007027642;0.091165347;1.042966287;0.992996994;1.09545012;46%;-6.10%;127.20%;0.093064998;Incertain;Incertain;ODJ;autre;Incertain
Milan royal;Milan royal;2014;2023;0.264402543;0.03437002;0.197037304;0.331767782;1.302652464;1.217789468;1.393429231;980.10%;489%;1880.50%;1.44E-14;Augmentation forte;Forte augmentation;SHOC;autre;Incertain
Moineau domestique;Moineau domestique;2015;2024;0.023253946;0.001715823;0.019890933;0.02661696;1.023526427;1.020090076;1.026974355;23.30%;19.60%;27.10%;7.64E-42;Augmentation modérée;Augmentation modérée;ODJ;odj;Different
Moineau domestique;Moineau domestique;2014;2023;0.004706904;0.006565335;-0.008161153;0.01757496;1.004717998;0.991872059;1.017730308;4.30%;-7.10%;17.10%;0.4734156;Stable;Stable;SHOC;odj;Different
Moineau friquet;Moineau friquet;2015;2024;-0.150928409;0.013222707;-0.176844914;-0.125011903;0.859909259;0.837909723;0.882486398;-74.30%;-79.60%;-67.50%;3.55E-30;Déclin fort;Fort déclin;ODJ;autre;Similaire
Moineau friquet;Moineau friquet;2014;2023;-0.17452271;0.051888035;-0.276223258;-0.072822162;0.839857781;0.758643539;0.929766163;-79.20%;-91.70%;-48.10%;0.000769753;Déclin fort;Fort déclin;SHOC;autre;Similaire
Mouette rieuse;Mouette rieuse;2015;2024;0.004241197;0.040667199;-0.075466513;0.083948906;1.004250203;0.927310783;1.087573324;3.90%;-49.30%;112.90%;0.91693893;Incertain;Incertain;ODJ;autre;Incertain
Mouette rieuse;Mouette rieuse;2014;2023;0.013068637;0.028135508;-0.042076958;0.068214232;1.013154405;0.958795991;1.07059464;12.50%;-31.50%;84.80%;0.642297357;Incertain;Incertain;SHOC;autre;Incertain
Perruche à collier;Perruche à collier;2015;2024;0.101618798;0.010086171;0.081849903;0.121387694;1.106961416;1.085292898;1.129062558;149.60%;108.90%;198.20%;7.12E-24;Augmentation forte;Forte augmentation;ODJ;odj;Similaire
Perruche à collier;Perruche à collier;2014;2023;0.177486151;0.044607986;0.090054497;0.264917804;1.194211519;1.094233915;1.303323844;394%;124.90%;985.10%;6.93E-05;Augmentation forte;Forte augmentation;SHOC;odj;Similaire
Pic épeiche;Pic épeiche;2015;2024;0.042175449;0.004665949;0.033030188;0.05132071;1.043077469;1.03358174;1.052660437;46.20%;34.60%;58.70%;1.58E-19;Augmentation forte;Augmentation modérée;ODJ;odj;Similaire
Pic épeiche;Pic épeiche;2014;2023;0.017127089;0.005299066;0.00674092;0.027513258;1.017274598;1.006763691;1.027895243;16.70%;6.30%;28.10%;0.001228858;Augmentation modérée;Augmentation modérée;SHOC;odj;Similaire
Pic épeichette;Pic épeichette;2015;2024;0.039358218;0.018441176;0.003213513;0.075502922;1.040143014;1.003218682;1.078426379;42.50%;2.90%;97.30%;0.032821707;Augmentation modérée à forte;Augmentation modérée;ODJ;odj;Incertain
Pic épeichette;Pic épeichette;2014;2023;0.020886058;0.018182697;-0.014752027;0.056524143;1.021105698;0.985356251;1.058152162;20.70%;-12.40%;66.30%;0.250688904;Incertain;Incertain;SHOC;odj;Incertain
Pic mar;Pic mar;2015;2024;0.072287623;0.019601976;0.03386775;0.110707497;1.074964484;1.034447791;1.117068113;91.70%;35.60%;170.80%;0.000226226;Augmentation forte;Augmentation modérée;ODJ;odj;Similaire
Pic mar;Pic mar;2014;2023;0.108124801;0.025945811;0.057271012;0.158978591;1.114186789;1.058942757;1.172312849;164.60%;67.40%;318.20%;3.08E-05;Augmentation forte;Forte augmentation;SHOC;odj;Similaire
Pic vert;Pic vert;2015;2024;0.021968054;0.005618079;0.01095662;0.032979489;1.022211129;1.011016864;1.03352934;21.90%;10.40%;34.60%;9.22E-05;Augmentation modérée;Augmentation modérée;ODJ;odj;Different
Pic vert;Pic vert;2014;2023;0.009455781;0.005604899;-0.001529822;0.020441383;1.009500628;0.998471348;1.020651739;8.90%;-1.40%;20.20%;0.091592528;Stable;Stable;SHOC;odj;Different
Pie bavarde;Pie bavarde;2015;2024;0.027746927;0.001835914;0.024148536;0.031345318;1.028135459;1.024442473;1.031841756;28.40%;24.30%;32.60%;1.32E-51;Augmentation modérée;Augmentation modérée;ODJ;odj;Similaire
Pie bavarde;Pie bavarde;2014;2023;0.017171428;0.006557729;0.004318278;0.030024577;1.017319704;1.004327615;1.030479859;16.70%;4%;31%;0.008831675;Augmentation modérée;Augmentation modérée;SHOC;odj;Similaire
Pigeon biset domestique;Pigeon biset domestique;2015;2024;0.049944882;0.005941483;0.038299575;0.06159019;1.051213155;1.039042458;1.063526411;56.80%;41.20%;74.10%;4.24E-17;Augmentation forte;Augmentation modérée;SHOC;odj;Similaire
Pigeon biset domestique;Pigeon biset domestique;2014;2023;0.049336774;0.006496244;0.036604136;0.062069412;1.050574097;1.037282317;1.064036199;55.90%;39%;74.80%;3.09E-14;Augmentation forte;Augmentation modérée;ODJ;odj;Similaire
Pigeon ramier;Pigeon ramier;2015;2024;0.043763835;0.002385733;0.039087797;0.048439872;1.044735596;1.039861777;1.049632258;48.30%;42.20%;54.60%;3.69E-75;Augmentation forte;Augmentation modérée;ODJ;odj;Similaire
Pigeon ramier;Pigeon ramier;2014;2023;0.048410946;0.010003719;0.028803656;0.068018236;1.049601897;1.029222493;1.070384828;54.60%;29.60%;84.40%;1.30E-06;Augmentation modérée à forte;Augmentation modérée;SHOC;odj;Similaire
Pinson des arbres;Pinson des arbres;2015;2024;0.008575424;0.001608085;0.005423578;0.011727271;1.008612299;1.005438312;1.011796305;8%;5%;11.10%;9.68E-08;Augmentation modérée;Augmentation modérée;ODJ;odj;Different
Pinson des arbres;Pinson des arbres;2014;2023;0.005743729;0.007419178;-0.00879786;0.020285318;1.005760256;0.991240728;1.020492463;5.30%;-7.60%;20%;0.438828359;Stable;Stable;SHOC;odj;Different
Pinson du Nord;Pinson du Nord;2015;2024;0.090901383;0.008252158;0.074727154;0.107075612;1.095160999;1.077590095;1.113018409;126.60%;95.90%;162.10%;3.22E-28;Augmentation forte;Forte augmentation;ODJ;odj;Incertain
Pinson du Nord;Pinson du Nord;2014;2023;0.043474766;0.029745888;-0.014827174;0.101776707;1.044433639;0.985282207;1.107136228;47.90%;-12.50%;149.90%;0.143867664;Incertain;Incertain;SHOC;odj;Incertain
Pipit farlouse;Pipit farlouse;2015;2024;0.018280509;0.049105635;-0.077966536;0.114527553;1.01844862;0.92499538;1.121343537;17.90%;-50.40%;180.30%;0.709692532;Incertain;Incertain;ODJ;autre;Incertain
Pipit farlouse;Pipit farlouse;2014;2023;-0.021722226;0.014274422;-0.049700094;0.006255642;0.978512003;0.951514747;1.00627525;-17.80%;-36.10%;5.80%;0.128069566;Incertain;Stable;SHOC;autre;Incertain
Pouillot véloce;Pouillot véloce;2015;2024;-0.0210588;0.009051677;-0.038800087;-0.003317513;0.979161388;0.961942995;0.996687984;-17.30%;-29.50%;-2.90%;0.019991462;Déclin modéré;Déclin modéré;ODJ;odj;Oppose
Pouillot véloce;Pouillot véloce;2014;2023;0.05780954;0.012675699;0.032965169;0.08265391;1.059513181;1.033514541;1.086165833;68.30%;34.50%;110.40%;5.10E-06;Augmentation forte;Augmentation modérée;SHOC;odj;Oppose
Roitelet à triple bandeau;Roitelet à triple bandeau;2015;2024;0.041050398;0.019563363;0.002706205;0.07939459;1.041904614;1.002709871;1.082631434;44.70%;2.50%;104.30%;0.03587598;Augmentation modérée à forte;Augmentation modérée;ODJ;odj;Similaire
Roitelet à triple bandeau;Roitelet à triple bandeau;2014;2023;0.020488967;0.010110199;0.000672977;0.040304958;1.020700307;1.000673204;1.041128226;20.20%;0.60%;43.70%;0.042707004;Augmentation modérée;Augmentation modérée;SHOC;odj;Similaire
Roitelet huppé;Roitelet huppé;2015;2024;0.004539066;0.01017131;-0.015396702;0.024474834;1.004549383;0.984721222;1.024776802;4.20%;-12.90%;24.60%;0.655408209;Stable;Stable;ODJ;odj;Incertain
Roitelet huppé;Roitelet huppé;2014;2023;-0.080138336;0.013604333;-0.106802828;-0.053473843;0.922988655;0.898702854;0.947930736;-51.40%;-61.80%;-38.20%;3.85E-09;Déclin fort;Fort déclin;SHOC;odj;Incertain
Rougegorge familier;Rougegorge familier;2015;2024;0.008230185;0.001597481;0.005099122;0.011361247;1.008264146;1.005112145;1.011426031;7.70%;4.70%;10.80%;2.58E-07;Augmentation modérée;Augmentation modérée;ODJ;odj;Similaire
Rougegorge familier;Rougegorge familier;2014;2023;0.012605472;0.003514606;0.005716843;0.019494101;1.012685256;1.005733216;1.019685352;12%;5.30%;19.20%;0.000335023;Augmentation modérée;Augmentation modérée;SHOC;odj;Similaire
Rougequeue noir;Rougequeue noir;2015;2024;0.045138117;0.006930339;0.031554652;0.058721582;1.046172344;1.032057779;1.060479943;50.10%;32.80%;69.60%;7.36E-11;Augmentation forte;Augmentation modérée;ODJ;odj;Similaire
Rougequeue noir;Rougequeue noir;2014;2023;0.088473989;0.01557523;0.057946537;0.11900144;1.092505835;1.059658342;1.12637154;121.70%;68.50%;191.80%;1.34E-08;Augmentation forte;Forte augmentation;SHOC;odj;Similaire
Serin cini;Serin cini;2015;2024;0.040232887;0.014522466;0.011768853;0.068696921;1.041053194;1.011838379;1.071111528;43.60%;11.20%;85.60%;0.005598931;Augmentation modérée à forte;Augmentation modérée;ODJ;odj;Incertain
Serin cini;Serin cini;2014;2023;-0.046162939;0.032550857;-0.109962619;0.017636741;0.954886361;0.895867623;1.017793186;-34%;-62.80%;17.20%;0.156138537;Incertain;Incertain;SHOC;odj;Incertain
Sittelle torchepot;Sittelle torchepot;2015;2024;0.011431663;0.003204309;0.005151217;0.017712109;1.011497254;1.005164507;1.017869898;10.80%;4.70%;17.30%;0.000360279;Augmentation modérée;Augmentation modérée;ODJ;odj;Oppose
Sittelle torchepot;Sittelle torchepot;2014;2023;-0.014977695;0.007084776;-0.028863856;-0.001091534;0.985133913;0.971548726;0.998909062;-12.60%;-22.90%;-1%;0.034509504;Déclin modéré;Déclin modéré;SHOC;odj;Oppose
Tarier pâtre;Tarier pâtre;2015;2024;0.072330937;0.047037596;-0.019862751;0.164524625;1.075011046;0.980333213;1.178832598;91.70%;-16.40%;339.60%;0.124115611;Incertain;Incertain;ODJ;autre;Incertain
Tarier pâtre;Tarier pâtre;2014;2023;0.083828428;0.014596521;0.055219247;0.112437609;1.087442303;1.056772284;1.119002439;112.60%;64.40%;175.10%;9.30E-09;Augmentation forte;Forte augmentation;SHOC;autre;Incertain
Tarin des aulnes;Tarin des aulnes;2015;2024;0.045913341;0.007229288;0.031743936;0.060082747;1.046983677;1.032253149;1.061924414;51.20%;33.10%;71.70%;2.14E-10;Augmentation forte;Augmentation modérée;ODJ;odj;Similaire
Tarin des aulnes;Tarin des aulnes;2014;2023;0.100979087;0.020536926;0.060726712;0.141231462;1.106253506;1.062608476;1.15169119;148.10%;72.70%;256.50%;8.79E-07;Augmentation forte;Forte augmentation;SHOC;odj;Similaire
Tourterelle turque;Tourterelle turque;2015;2024;0.009589636;0.001623647;0.006407289;0.012771984;1.009635764;1.006427859;1.012853894;9%;5.90%;12.20%;3.50E-09;Augmentation modérée;Augmentation modérée;ODJ;odj;Similaire
Tourterelle turque;Tourterelle turque;2014;2023;0.02455484;0.009573041;0.00579168;0.043317999;1.024858792;1.005808484;1.044269919;24.70%;5.40%;47.70%;0.01031761;Augmentation modérée;Augmentation modérée;SHOC;odj;Similaire
Troglodyte mignon;Troglodyte mignon;2015;2024;0.000433384;0.004356183;-0.008104735;0.008971503;1.000433478;0.991928019;1.009011868;0.40%;-7%;8.40%;0.920751565;Stable;Stable;ODJ;odj;Different
Troglodyte mignon;Troglodyte mignon;2014;2023;-0.03678248;0.005587051;-0.0477331;-0.025831859;0.963885777;0.953388212;0.974498929;-28.20%;-34.90%;-20.70%;4.59E-11;Déclin modéré;Déclin modéré;SHOC;odj;Different
Verdier d'Europe;Verdier d'Europe;2015;2024;-0.031332883;0.002734307;-0.036692124;-0.025973642;0.969152905;0.963972873;0.974360771;-24.60%;-28.10%;-20.80%;2.12E-30;Déclin modéré;Déclin modéré;ODJ;odj;Similaire
Verdier d'Europe;Verdier d'Europe;2014;2023;-0.064400951;0.01350121;-0.090863323;-0.037938579;0.937628981;0.913142508;0.962772073;-44%;-55.90%;-28.90%;1.84E-06;Déclin modéré à fort;Déclin modéré;SHOC;odj;Similaire
