"","french_name","species","minYear","maxYear","estimate","se","infIC","supIC","GR","infGR","supGR","perc","infPerc","supPerc","pval","trend","trendEBCC"
"1","Héron garde-boeufs","BUBIBI",2014,2023,0.288247910893642,0.0524505663600228,0.185444800827997,0.391051020959287,1.33408799807817,1.20375375173082,1.47853394770912,"+1238.6%","+430.7%","+3276.6%",3.89359880250035e-08,"Augmentation forte","Forte augmentation"
"2","Tarin des aulnes","CARSPI",2014,2023,0.165850538189877,0.0592163247288685,0.0497865417212951,0.281914534658459,1.18039666431617,1.05104671780592,1.3256654166975,"+344.9%","+56.5%","+1164.5%",0.00509828877540769,"Augmentation forte","Forte augmentation"
"3","Guêpier d'Europe","MERAPI",2014,2023,0.146556261801735,0.0465996689044368,0.0552209107490387,0.237891612854431,1.15784007115451,1.05677404163639,1.26857168850893,"+274%","+64.4%","+750.8%",0.00166083137418878,"Augmentation forte","Forte augmentation"
"4","Bernache du Canada","BRACAN",2014,2023,0.139563596763464,0.0426475185880206,0.0559744603309432,0.223152733195984,1.14977192516612,1.05757067338669,1.25001147740491,"+251.2%","+65.5%","+645.1%",0.0010660447860991,"Augmentation forte","Forte augmentation"
"5","Perruche à collier","PSIKRA",2014,2023,0.131821305076029,0.0259399386607881,0.0809790253008843,0.182663584851174,1.14090442722066,1.084348152452,1.20041050386658,"+227.5%","+107.3%","+417.6%",3.73895840325731e-07,"Augmentation forte","Forte augmentation"
"6","Cisticole des joncs","CISJUN",2014,2023,0.125346742012925,0.0163135306688029,0.0933722219020717,0.157321262123779,1.13354143136949,1.09787031059826,1.17037154956036,"+209%","+131.7%","+312%",1.54671880577504e-14,"Augmentation forte","Forte augmentation"
"7","Milan royal","MILMIL",2014,2023,0.107670602785796,0.0228889188919808,0.062808321757514,0.152532883814079,1.11368084159451,1.06482271632215,1.16478076389894,"+163.5%","+76%","+294.6%",2.5505162302163e-06,"Augmentation forte","Forte augmentation"
"8","Grande Aigrette","EGRALB",2014,2023,0.0993859766151242,0.0421995370672491,0.016674883963316,0.182097069266932,1.10449252558341,1.01681468581984,1.1997306452021,"+144.6%","+16.2%","+414.9%",0.0185155406988173,"Augmentation modérée à forte","Augmentation modérée"
"9","Cigogne blanche","CICCIC",2014,2023,0.0939245362735894,0.0358790643313041,0.0236015701842335,0.164247502362946,1.09847684763301,1.02388229137833,1.17850596200993,"+132.9%","+23.7%","+338.5%",0.00884963330527095,"Augmentation modérée à forte","Augmentation modérée"
"10","Circaète Jean-le-blanc","CIRGAL",2014,2023,0.0912199959192273,0.0573720246237784,-0.0212291723433783,0.203669164181833,1.09550998647655,0.978994580376976,1.2258925172065,"+127.3%","-17.4%","+525.3%",0.111840789779556,"Incertain","Incertain"
"11","Pigeon colombin","COLOEN",2014,2023,0.0761843742251668,0.0117391642142491,0.0531756123652386,0.099193136085095,1.07916152538605,1.05461483226341,1.10427955519468,"+98.5%","+61.4%","+144.2%",8.59724466499835e-11,"Augmentation forte","Forte augmentation"
"12","Bouscarle de Cetti","CETCET",2014,2023,0.0746893061173525,0.0114731884687435,0.0522018567186154,0.0971767555160899,1.07754931089181,1.05358839494616,1.10205515073347,"+95.9%","+60%","+139.8%",7.52010024582657e-11,"Augmentation forte","Forte augmentation"
"13","Gobemouche noir","FICHYP",2014,2023,0.0746787957534397,0.0271048096956663,0.0215533687499338,0.127804222756946,1.07753798551594,1.02178732039426,1.1363305132635,"+95.8%","+21.4%","+215.9%",0.00586587548693116,"Augmentation modérée à forte","Augmentation modérée"
"14","Alouette lulu","LULARB",2014,2023,0.0738679190431727,0.00603450014232494,0.0620402987642156,0.0856955393221296,1.07666458921527,1.06400522195964,1.08947457563705,"+94.4%","+74.8%","+116.2%",1.8785787609247e-34,"Augmentation forte","Forte augmentation"
"15","Grand Cormoran","PHACAR",2014,2023,0.0694309593170863,0.0246506402649306,0.0211157043978223,0.11774621423635,1.07189805407638,1.02134021835613,1.1249585766651,"+86.8%","+20.9%","+188.6%",0.00485351397317529,"Augmentation modérée à forte","Augmentation modérée"
"16","Grand Corbeau","CORRAX",2014,2023,0.0692225097135438,0.0184022549611157,0.0331540899897571,0.105290929437331,1.071674640638,1.03370981130411,1.11103379577841,"+86.5%","+34.8%","+158%",0.000168808345212451,"Augmentation forte","Augmentation modérée"
"17","Moineau soulcie","PETPET",2014,2023,0.068738930316269,0.0445102710883125,-0.0185012010168235,0.155979061649361,1.07115652614605,0.981668895590225,1.16880173005321,"+85.6%","-15.3%","+307.1%",0.122506322960011,"Incertain","Incertain"
"18","Choucas des tours","CORMON",2014,2023,0.0627222133469457,0.0135197948248634,0.0362234154902135,0.0892210112036779,1.06473103007804,1.03688747733905,1.09332226609615,"+75.9%","+38.5%","+123.2%",3.49612634620638e-06,"Augmentation forte","Augmentation modérée"
"19","Merle à plastron","TURTOR",2014,2023,0.0615426994818135,0.0497006463757647,-0.0358705674146853,0.158955966378312,1.06347590542941,0.964765157450766,1.17228632553162,"+74%","-27.6%","+318.1%",0.215616857912874,"Incertain","Incertain"
"20","Fuligule milouin","AYTFER",2014,2023,0.0603647673898931,0.0525403172669853,-0.0426142544533982,0.163343789233184,1.06222394054099,0.958280971397382,1.17744141179501,"+72.2%","-31.9%","+335%",0.250587823345735,"Incertain","Incertain"
"21","Pigeon biset","COLLIV",2014,2023,0.0591261634780399,0.0141688985044797,0.0313551224092597,0.0868972045468201,1.0609090802766,1.03185187255279,1.09078454626322,"+70.3%","+32.6%","+118.6%",3.00675498070344e-05,"Augmentation forte","Augmentation modérée"
"22","Echasse blanche","HIMHIM",2014,2023,0.0585920831096853,0.0533211507931893,-0.045917372444966,0.163101538664336,1.06034262084511,0.95512087823328,1.1771562104897,"+69.4%","-33.9%","+334%",0.27183238155265,"Incertain","Incertain"
"23","Pic mar","DENMED",2014,2023,0.058390982611048,0.0124654190295418,0.0339587613131461,0.08282320390895,1.06012940685477,1.03454194269721,1.08634972918367,"+69.1%","+35.7%","+110.7%",2.81004105403062e-06,"Augmentation forte","Augmentation modérée"
"24","Ouette d'Egypte","ALOAEG",2014,2023,0.0532412321787761,0.0582979106033613,-0.0610226726038122,0.167505136961364,1.05468403816267,0.940801909105249,1.1823513638626,"+61.5%","-42.3%","+351.6%",0.361105071759464,"Incertain","Incertain"
"25","Fauvette mélanocéphale","SYLMEL",2014,2023,0.0498732981198823,0.0167042539848992,0.0171329603094799,0.0826136359302846,1.05113790678946,1.01728057127325,1.08612208892068,"+56.7%","+16.7%","+110.3%",0.00282962901101612,"Augmentation modérée à forte","Augmentation modérée"
"26","Bruant proyer","MILCAL",2014,2023,0.0463960879071738,0.00613217069522866,0.0343770333445256,0.0584151424698218,1.04748922661534,1.03497475316707,1.06015501974093,"+51.8%","+36.3%","+69.2%",3.84851281258325e-14,"Augmentation forte","Augmentation modérée"
"27","Râle d'eau","RALAQU",2014,2023,0.0436539129370859,0.0419329047446417,-0.0385345803624118,0.125842406236584,1.04462076258926,0.962198430994056,1.13410342657201,"+48.1%","-29.3%","+210.4%",0.297856079070921,"Incertain","Incertain"
"28","Goéland brun","LARFUS",2014,2023,0.0435814337814819,0.0988828382935078,-0.150228929273793,0.237391796836757,1.04454505210221,0.860510957725601,1.26793779448783,"+48%","-74.1%","+747%",0.659402614245928,"Incertain","Incertain"
"29","Rollier d'Europe","CORGAR",2014,2023,0.0432547070187301,0.0347724877574697,-0.0248993689859106,0.111408783023371,1.04420382702551,0.975408063392284,1.11785177229584,"+47.6%","-20.1%","+172.6%",0.213523566409401,"Incertain","Incertain"
"30","Pie-grièche écorcheur","LANCOL",2014,2023,0.0426815397207662,0.00667950986556087,0.0295897003842667,0.0557733790572655,1.043605495028,1.03003182557868,1.05735803710799,"+46.8%","+30.5%","+65.2%",1.65971581940702e-10,"Augmentation forte","Augmentation modérée"
"31","Étourneau sansonnet","STUVUL",2014,2023,0.0422201765471062,0.00526428331080933,0.0319021812579198,0.0525381718362926,1.04312412493652,1.03241651068124,1.05394279224243,"+46.2%","+33.3%","+60.5%",1.05643105355535e-15,"Augmentation forte","Augmentation modérée"
"32","Goéland leucophée","LARMIC",2014,2023,0.0418261421230476,0.0480739422323961,-0.0523987846524488,0.136051068898544,1.04271317909145,0.948950364536138,1.14574040380126,"+45.7%","-37.6%","+240.2%",0.384279801992012,"Incertain","Incertain"
"33","Chevêche d'Athéna","ATHNOC",2014,2023,0.0405893583347452,0.0260360971870288,-0.0104413921518312,0.0916201088213218,1.04142436549186,0.989612929952676,1.09594840185849,"+44.1%","-9%","+128.1%",0.119004718093684,"Incertain","Incertain"
"34","Milan noir","MILMIG",2014,2023,0.0374359443054747,0.00754181952250225,0.0226539780413703,0.0522179105695791,1.0381454958212,1.0229125281064,1.053605309233,"+40.1%","+22.6%","+60%",6.91337136979032e-07,"Augmentation modérée à forte","Augmentation modérée"
"35","Pic épeichette","DENMIN",2014,2023,0.0370062993107602,0.012885248723817,0.0117512118120788,0.0622613868094414,1.03769955760956,1.01182052855408,1.06424048680044,"+39.5%","+11.2%","+75.1%",0.00407896492644672,"Augmentation modérée à forte","Augmentation modérée"
"36","Moineau domestique","PASDOM",2014,2023,0.0369224750834927,0.00314433465552697,0.0307595791586597,0.0430853710083256,1.0376125768916,1.03123754308251,1.04402702068565,"+39.4%","+31.9%","+47.4%",7.71345959515573e-32,"Augmentation forte","Augmentation modérée"
"37","Rougegorge familier","ERIRUB",2014,2023,0.0365889236124408,0.00227433319704454,0.0321312305462335,0.0410466166786481,1.0372665374044,1.03265301203245,1.04190067436233,"+39%","+33.5%","+44.7%",3.10889927992365e-58,"Augmentation forte","Augmentation modérée"
"38","Pigeon ramier","COLPAL",2014,2023,0.0362755288840227,0.00240418595759508,0.0315633244071363,0.0409877333609091,1.03694151447251,1.03206672854012,1.0418393256001,"+38.6%","+32.9%","+44.6%",1.9281271934165e-51,"Augmentation forte","Augmentation modérée"
"39","Linotte mélodieuse","CARCAN",2014,2023,0.033265526515753,0.00665802014389084,0.0202158070337269,0.046315245997779,1.03382501075296,1.02042153041021,1.04740454900898,"+34.9%","+20%","+51.7%",5.84379729711331e-07,"Augmentation modérée à forte","Augmentation modérée"
"40","Torcol fourmilier","JYNTOR",2014,2023,0.0319648004610487,0.0120551862929296,0.00833663532690676,0.0555929655951905,1.03248116180461,1.0083714818381,1.05716729269081,"+33.3%","+7.8%","+64.9%",0.00801257829695843,"Augmentation modérée à forte","Augmentation modérée"
"41","Pic noir","DRYMAR",2014,2023,0.0317669063343889,0.00763087024575862,0.0168104006527021,0.0467234120160758,1.03227686006253,1.01695249051699,1.04783215121371,"+33.1%","+16.3%","+52.3%",3.1416668185861e-05,"Augmentation modérée à forte","Augmentation modérée"
"42","Bihoreau gris","NYCNYC",2014,2023,0.0306149809938522,0.0562165066083254,-0.0795693719584657,0.14079933394617,1.03108843880667,0.923513951774859,1.15119361932493,"+31.7%","-51.1%","+255.1%",0.586035122052065,"Incertain","Incertain"
"43","Cygne tuberculé","CYGOLO",2014,2023,0.0280492894286824,0.0277743773989964,-0.0263884902733504,0.0824870691307154,1.02844637470641,0.973956643419544,1.08598463062296,"+28.7%","-21.1%","+110.1%",0.312544139553921,"Incertain","Incertain"
"44","Sterne pierregarin","STEHIR",2014,2023,0.0271221928643574,0.0403937446186706,-0.0520495465882371,0.106293932316952,1.02749334744823,0.94928183200164,1.11214872492003,"+27.6%","-37.4%","+160.3%",0.501936849309529,"Incertain","Incertain"
"45","Loriot d'Europe","ORIORI",2014,2023,0.0271129862389963,0.00428608525670262,0.0187122591358593,0.0355137133421335,1.02748388774547,1.01888843059654,1.03615185713556,"+27.6%","+18.3%","+37.7%",2.51898009481686e-10,"Augmentation modérée","Augmentation modérée"
"46","Grive sp","GRIVES",2014,2023,0.0248563035930455,0.0531364693768108,-0.0792911763855037,0.129003783571595,1.0251677970108,0.92377090500778,1.13769442870591,"+25.1%","-51%","+219.3%",0.639940229245192,"Incertain","Incertain"
"47","Rousserolle verderolle","ACRRIS",2014,2023,0.0248503445906931,0.0259256703909009,-0.0259639693754727,0.075664658556859,1.02516168805168,0.974370196142978,1.07860081395056,"+25.1%","-20.8%","+97.6%",0.337799230905668,"Incertain","Incertain"
"48","Faucon crécerelle","FALTIN",2014,2023,0.0221431423905546,0.00517472441060277,0.0120006825457731,0.0322856022353359,1.02239012136273,1.01207297965198,1.03281243672719,"+22.1%","+11.4%","+33.7%",1.87653939988198e-05,"Augmentation modérée","Augmentation modérée"
"49","Grimpereau des jardins","CERBRA",2014,2023,0.0219429775698348,0.00356775625358617,0.014950175312806,0.0289357798268637,1.02218549530754,1.0150624881848,1.02935848677219,"+21.8%","+14.4%","+29.7%",7.73083349969138e-10,"Augmentation modérée","Augmentation modérée"
"50","Bergeronnette des ruisseaux","MOTCIN",2014,2023,0.0218019867238392,0.0128064545192335,-0.00329866413385837,0.0469026375815371,1.02204138666903,0.996706770481377,1.04801996635365,"+21.7%","-2.9%","+52.5%",0.0886763355202738,"Incertain","Stable"
"51","Héron pourpré","ARDPUR",2014,2023,0.0213909924668492,0.05056461640759,-0.0777156556920273,0.120497640625726,1.02162141983659,0.925227472309315,1.12805807945141,"+21.2%","-50.3%","+195.8%",0.672264098419315,"Incertain","Incertain"
"52","Martin-pêcheur d'Europe","ALCATT",2014,2023,0.0210659706773283,0.0180762883564069,-0.0143635545012293,0.0564954958558858,1.02128942457027,0.985739109221278,1.0581218488562,"+20.9%","-12.1%","+66.3%",0.243860156285585,"Incertain","Incertain"
"53","Gobemouche gris","MUSSTR",2014,2023,0.0205434415122749,0.0140997597208249,-0.00709208754054191,0.0481789705650919,1.02075591046045,0.992933001964939,1.04935844279325,"+20.3%","-6.2%","+54.3%",0.145114586946256,"Incertain","Stable"
"54","Pouillot de Bonelli","PHYBON",2014,2023,0.0204382305675959,0.0101550632353133,0.00053430662638174,0.0403421545088097,1.02064852141618,1.00053444939359,1.04116695322225,"+20.2%","+0.5%","+43.8%",0.0441551687073162,"Augmentation modérée","Augmentation modérée"
"55","Chevalier culblanc","TRIOCH",2014,2023,0.0200441834675777,0.0488479058841666,-0.0756977120653889,0.115786079000544,1.02024641705541,0.927096414265798,1.12275566542745,"+19.8%","-49.4%","+183.5%",0.681557547903093,"Incertain","Incertain"
"56","Pic épeiche","DENMAJ",2014,2023,0.0198847883573465,0.00321782826591718,0.013577844956149,0.0261917317585442,1.02008380772521,1.01367044251009,1.02653774949426,"+19.6%","+13%","+26.6%",6.42772723975424e-10,"Augmentation modérée","Augmentation modérée"
"57","Busard des roseaux","CIRAER",2014,2023,0.0196341593957051,0.0293415149797079,-0.0378752099645222,0.0771435287559327,1.01982817721523,0.962833085369509,1.08019710461342,"+19.3%","-28.9%","+100.2%",0.503393609835593,"Incertain","Incertain"
"58","Mouette rieuse","LARRID",2014,2023,0.0195132075362723,0.0431652758011471,-0.0650907330339762,0.104117148106521,1.01970483456031,0.93698244426049,1.10973045012207,"+19.2%","-44.3%","+155.2%",0.651227211446299,"Incertain","Incertain"
"59","Pie bavarde","PICPIC",2014,2023,0.0190704081379881,0.00390995767289524,0.0114068910991133,0.0267339251768628,1.01925340982582,1.01147219776049,1.02709448242052,"+18.7%","+10.8%","+27.2%",1.07496017762029e-06,"Augmentation modérée","Augmentation modérée"
"60","Rousserolle turdoïde","ACRARU",2014,2023,0.018296970809909,0.0442127558657487,-0.0683600306869583,0.104953972306776,1.0184653859747,0.933924171680248,1.110659488085,"+17.9%","-45.9%","+157.2%",0.678991885219972,"Incertain","Incertain"
"61","Goéland argenté","LARARG",2014,2023,0.0167137512718405,0.0476579673253803,-0.0766958646859049,0.110123367229586,1.01685420743799,0.926171492233895,1.1164157910868,"+16.2%","-49.9%","+169.4%",0.725811817672348,"Incertain","Incertain"
"62","Rougequeue à front blanc","PHOPHO",2014,2023,0.0152705053982727,0.00669118062763379,0.00215579136811051,0.0283852194284348,1.01538769532242,1.00215811675704,1.02879191873286,"+14.7%","+2%","+29.1%",0.0224784790663099,"Augmentation modérée","Augmentation modérée"
"63","Tarier pâtre","SAXTOR",2014,2023,0.0151070196247501,0.00491833910714082,0.00546707497475411,0.0247469642747462,1.01522170744833,1.00548204670056,1.02505571199049,"+14.6%","+5%","+24.9%",0.00212936697644399,"Augmentation modérée","Augmentation modérée"
"64","Serin cini","SERSER",2014,2023,0.0144604204694269,0.00606439028937179,0.00257421550225817,0.0263466254365956,1.01456547813135,1.00257753163986,1.02669676601695,"+13.9%","+2.3%","+26.8%",0.01710325379501,"Augmentation modérée","Augmentation modérée"
"65","Aigrette garzette","EGRGAR",2014,2023,0.0142921405376811,0.0319025835670116,-0.0482369232536616,0.076821204329024,1.01439476148643,0.952907994268335,1.07984898680717,"+13.7%","-35.2%","+99.6%",0.654158103343898,"Incertain","Incertain"
"66","Bruant zizi","EMBCIR",2014,2023,0.0133452655202381,0.00533709254296012,0.00288456413603637,0.0238059669044401,1.01343471102459,1.00288872849432,1.02409159094991,"+12.8%","+2.6%","+23.9%",0.0124026949226587,"Augmentation modérée","Augmentation modérée"
"67","Grive draine","TURVIS",2014,2023,0.012935917108378,0.00491238532033023,0.00330764188053064,0.0225641923362251,1.01301994803218,1.00331311816413,1.02282068930673,"+12.3%","+3%","+22.5%",0.00845528875591587,"Augmentation modérée","Augmentation modérée"
"68","Faucon hobereau","FALSUB",2014,2023,0.0129115861890248,0.0219515577169998,-0.0301134669362949,0.0559366393143443,1.01299530062537,0.970335426313859,1.05753067574508,"+12.3%","-23.7%","+65.4%",0.556407842818502,"Incertain","Incertain"
"69","Caille des blés","COTCOT",2014,2023,0.0126339124531234,0.0119704053264793,-0.0108280819867761,0.0360959068930229,1.01271405748452,0.989230330670528,1.0367552737001,"+12%","-9.3%","+38.4%",0.291229183468364,"Incertain","Stable"
"70","Oedicnème criard","BUROED",2014,2023,0.0115309148165081,0.0175151849320367,-0.0227988476502838,0.0458606772832999,1.01159765208199,0.977459082190631,1.04692853986723,"+10.9%","-18.6%","+51.1%",0.510320855321018,"Incertain","Stable"
"71","Mésange bleue","PARCAE",2014,2023,0.0110287296740471,0.00287575922338257,0.00539224159621714,0.0166652177518768,1.01108977030698,1.00540680589724,1.0168048571216,"+10.4%","+5%","+16.2%",0.000125530003979786,"Augmentation modérée","Augmentation modérée"
"72","Chardonneret élégant","CARCAR",2014,2023,0.00959201675060948,0.00462762342716253,0.000521874833371057,0.0186621586678481,1.00963816758512,1.00052201103373,1.01883738508803,"+9%","+0.5%","+18.3%",0.0381933327222213,"Augmentation modérée","Augmentation modérée"
"73","Pie-grièche à tête rousse","LANSEN",2014,2023,0.00953825864725852,0.0385603253134261,-0.0660399789670566,0.0851164962615739,1.00958389281102,0.936093439494742,1.08884390555456,"+9%","-44.8%","+115.1%",0.804630097844514,"Incertain","Incertain"
"74","Pic vert","PICVIR",2014,2023,0.00892754076086946,0.00349276243816373,0.00208172638206868,0.0157733551396704,1.008967510107,1.00208389467877,1.01589841115834,"+8.4%","+1.9%","+15.3%",0.0105879636820366,"Augmentation modérée","Augmentation modérée"
"75","Faisan de Colchide","PHACOL",2014,2023,0.00868430940457389,0.00571596282294211,-0.0025189777283928,0.0198875965375404,1.00872212741465,0.997484192233759,1.02008667230838,"+8.1%","-2.2%","+19.6%",0.128684927120672,"Stable","Stable"
"76","Grive musicienne","TURPHI",2014,2023,0.00805060331293158,0.00299318750958529,0.00218395579414437,0.0139172508317188,1.00808309655799,1.00218634236267,1.01401454660635,"+7.5%","+2%","+13.3%",0.00715286741583605,"Augmentation modérée","Augmentation modérée"
"77","Fauvette à tête noire","SYLATR",2014,2023,0.00794023836790471,0.0016263730160505,0.00475254725644574,0.0111279294793637,1.00797184566167,1.00476385852117,1.01119007519039,"+7.4%","+4.4%","+10.5%",1.0492185123812e-06,"Augmentation modérée","Augmentation modérée"
"78","Huppe fasciée","UPUEPO",2014,2023,0.00789999711671014,0.00782534008442353,-0.00743766944875997,0.0232376636821801,1.00793128442956,0.992589921567991,1.02350976174225,"+7.4%","-6.5%","+23.3%",0.312715526856255,"Stable","Stable"
"79","Buse variable","BUTBUT",2014,2023,0.00769961207880542,0.00390653997577654,4.27937262833303e-05,0.0153564304313275,1.00772933031589,1.00004279464195,1.01547494629218,"+7.2%","0%","+14.8%",0.0487290940709179,"Augmentation modérée","Augmentation modérée"
"80","Hirondelle de fenêtre","DELURB",2014,2023,0.00769139144743166,0.0103776446738772,-0.0126487921133676,0.028031575008231,1.00772104617859,0.987430867637327,1.02842815653628,"+7.2%","-10.8%","+28.7%",0.458602490268981,"Stable","Stable"
"81","Mésange à longue queue","AEGCAU",2014,2023,0.00742151293201323,0.00706980690524052,-0.00643530860225809,0.0212783344662846,1.00744912061378,0.99358535364973,1.02150633249297,"+6.9%","-5.6%","+21.1%",0.293834166078338,"Stable","Stable"
"82","Mésange charbonnière","PARMAJ",2014,2023,0.0068305978571253,0.0018984088384183,0.00310971653382546,0.0105514791804252,1.00685397959744,1.00311455671819,1.01060734234366,"+6.3%","+2.8%","+10%",0.00032059385703204,"Augmentation modérée","Augmentation modérée"
"83","Tadorne de Belon","TADTAD",2014,2023,0.00651895241824123,0.0396083294619659,-0.0711133733272119,0.0841512781636945,1.00654024703628,0.931356295179762,1.08779344075653,"+6%","-47.3%","+113.3%",0.869270330153251,"Incertain","Incertain"
"84","Busard Saint-Martin","CIRCYA",2014,2023,0.00645667278052453,0.0207618685909776,-0.0342365896577916,0.0471499352188407,1.00647756202636,0.966342850865619,1.04827917126424,"+6%","-26.5%","+52.9%",0.755810447601578,"Incertain","Stable"
"85","Geai des chênes","GARGLA",2014,2023,0.00602706824361976,0.00326419643225492,-0.000370756763599993,0.0124248932508392,1.0060452675639,0.999629311958196,1.01250240292079,"+5.6%","-0.3%","+11.8%",0.0648316602701431,"Stable","Stable"
"86","Héron cendré","ARDCIN",2014,2023,0.00514209554294741,0.00960988031453816,-0.0136932698735473,0.0239774609594423,1.00515533880588,0.986400056479742,1.02426723162978,"+4.7%","-11.6%","+24.1%",0.592591604560833,"Stable","Stable"
"87","Corneille noire","CORCOR",2014,2023,0.00422032039414163,0.00291173630218933,-0.00148668275814951,0.00992732354643276,1.00422923848758,0.998514421807215,1.00997676288751,"+3.9%","-1.3%","+9.3%",0.147221135400574,"Stable","Stable"
"88","Roitelet à triple bandeau","REGIGN",2014,2023,0.004160729297036,0.00524679255965364,-0.00612298411988516,0.0144444427139571,1.00416939714854,0.993895723146475,1.01454926778173,"+3.8%","-5.4%","+13.9%",0.427775291300063,"Stable","Stable"
"89","Tourterelle turque","STRDEC",2014,2023,0.00137743669111083,0.00305520579518618,-0.00461076666745408,0.00736564004967576,1.00137838579276,0.995399846599146,1.00739283310009,"+1.2%","-4.1%","+6.9%",0.652098332410951,"Stable","Stable"
"90","Grosbec casse-noyaux","COCCOC",2014,2023,0.000495575743937123,0.0122561426233376,-0.0235264637978047,0.0245176152856789,1.00049569856188,0.976748125861908,1.0248206434566,"+0.4%","-19.1%","+24.7%",0.967746417054543,"Stable","Stable"
"91","Alouette des champs","ALAARV",2014,2023,-0.000921381980913566,0.00292839387632938,-0.00666103397851918,0.00481827001669199,0.999079042361127,0.993361101532579,1.00482989654542,"-0.8%","-5.8%","+4.4%",0.753037045223657,"Stable","Stable"
"92","Pouillot véloce","PHYCOL",2014,2023,-0.000952267999043104,0.00192443014627878,-0.00472415108574952,0.00281961508766341,0.99904818526424,0.995286990164769,1.00282359394102,"-0.9%","-4.2%","+2.6%",0.620719307950105,"Stable","Stable"
"93","Rossignol philomèle","LUSMEG",2014,2023,-0.000978270058139576,0.0029700958871192,-0.00679965799689322,0.00484311788061402,0.999022208292016,0.993223407369068,1.00485486473216,"-0.9%","-5.9%","+4.5%",0.741873603809317,"Stable","Stable"
"94","Bergeronnette grise","MOTALB",2014,2023,-0.00263398324014954,0.00472366322017438,-0.0118923631516913,0.00662439667139233,0.997369482650005,0.988178071510958,1.00664638651669,"-2.3%","-10.2%","+6.1%",0.577107633332921,"Stable","Stable"
"95","Grimpereau des bois","CERFAM",2014,2023,-0.00276396291349967,0.0143770954006109,-0.0309430698986971,0.0254151440716975,0.997239853315213,0.969530766989695,1.02574086238433,"-2.5%","-24.3%","+25.7%",0.847548216725365,"Stable","Stable"
"96","Epervier d'Europe","ACCNIS",2014,2023,-0.00416577781009732,0.0129572234624079,-0.0295619357964169,0.0212303801762222,0.995842887006209,0.97087074412625,1.02145734805652,"-3.7%","-23.4%","+21.1%",0.747829730652678,"Stable","Stable"
"97","Hirondelle de rochers","PTYRUP",2014,2023,-0.00432992672680167,0.0352442764460404,-0.0734087085610408,0.0647488551074376,0.995679433890792,0.929220971839145,1.06689104649771,"-3.8%","-48.3%","+79.1%",0.902222119372511,"Incertain","Incertain"
"98","Pinson des arbres","FRICOE",2014,2023,-0.00509054846249692,0.00156547677955753,-0.00815888295042962,-0.00202221397456415,0.994922386421469,0.991874310400171,0.997979829322555,"-4.5%","-7.1%","-1.8%",0.00114694449157947,"Déclin modéré","Déclin modéré"
"99","Coucou gris","CUCCAN",2014,2023,-0.00558595119864021,0.00334465032587982,-0.0121414658373647,0.000969563440084112,0.994429621217678,0.987931944356162,1.00097003361866,"-4.9%","-10.4%","+0.9%",0.0948965821996547,"Stable","Stable"
"100","Rougequeue noir","PHOOCH",2014,2023,-0.00601010927531413,0.00317223983038006,-0.012227699342859,0.000207480792230889,0.994007915303462,0.987846755194543,1.00020750231786,"-5.3%","-10.4%","+0.2%",0.0581460963688098,"Stable","Stable"
"101","Corbeau freux","CORFRU",2014,2023,-0.00660097333145971,0.019636642746697,-0.0450887931149858,0.0318868464520663,0.993420765234803,0.955912599607304,1.03240067889588,"-5.8%","-33.4%","+33.2%",0.736753305814166,"Incertain","Stable"
"102","Phragmite des joncs","ACRSCH",2014,2023,-0.00674756955994009,0.0271673998397594,-0.0599956732458686,0.0465005341259884,0.993275144171336,0.941768608376651,1.04759863861804,"-5.9%","-41.7%","+52%",0.803848072902756,"Incertain","Incertain"
"103","Sittelle torchepot","SITEUR",2014,2023,-0.00816262150176856,0.00502796243860375,-0.0180174278814319,0.00169218487789486,0.991870602234072,0.982143915521437,1.00169361743066,"-7.1%","-15%","+1.5%",0.104494268321263,"Stable","Stable"
"104","Chevalier guignette","ACTHYP",2014,2023,-0.00887958171685903,0.0356216410314203,-0.0786979981384428,0.0609388347047247,0.991159725339429,0.924319028365253,1.06283390364948,"-7.7%","-50.8%","+73.1%",0.803148130079106,"Incertain","Incertain"
"105","Bergeronnette printanière","MOTFLA",2014,2023,-0.0109058365058432,0.00946334305849182,-0.0294539889004872,0.00764231588880088,0.989153416532169,0.970975552266182,1.00767159291879,"-9.3%","-23.3%","+7.1%",0.249144589914302,"Stable","Stable"
"106","Canard colvert","ANAPLA",2014,2023,-0.0115541049098797,0.00910481113291803,-0.029399534730399,0.00629132491063979,0.988512387427394,0.971028427373678,1.00631115686314,"-9.9%","-23.2%","+5.8%",0.204437163177698,"Stable","Stable"
"107","Merle noir","TURMER",2014,2023,-0.0138016972711913,0.0018618249488717,-0.0174508741709798,-0.0101525203714028,0.986293109486679,0.982700510456549,0.989898842495731,"-11.7%","-14.5%","-8.7%",1.23479426724391e-13,"Déclin modéré","Déclin modéré"
"108","Hypolaïs polyglotte","HIPPOL",2014,2023,-0.0141642263603134,0.00454915380344039,-0.0230805678150566,-0.00524788490557024,0.985935614349198,0.977183751041927,0.99476586118594,"-12%","-18.8%","-4.6%",0.00184822472159798,"Déclin modéré","Déclin modéré"
"109","Perdrix rouge","ALERUF",2014,2023,-0.0148898853042397,0.013036611478779,-0.0404416438026465,0.0106618731941671,0.985220420877164,0.96036520613771,1.01071891350278,"-12.5%","-30.5%","+10.1%",0.253387865484327,"Incertain","Stable"
"110","Fauvette pitchou","SYLUND",2014,2023,-0.0149320448568776,0.0331176785043185,-0.079842694725342,0.0499786050115866,0.985178885300536,0.923261568878878,1.0512486046837,"-12.6%","-51.3%","+56.8%",0.652077214662806,"Incertain","Incertain"
"111","Bondrée apivore","PERAPI",2014,2023,-0.0167246711804212,0.0336733053700358,-0.0827243497056914,0.0492750073448488,0.983414409692572,0.920604877253496,1.05050920876741,"-14%","-52.5%","+55.8%",0.619418626863534,"Incertain","Incertain"
"112","Hirondelle rustique","HIRRUS",2014,2023,-0.0171943601424173,0.00442181399199781,-0.0258611155667329,-0.00852760471810155,0.982952619256696,0.974470418982836,0.99150865216835,"-14.3%","-20.8%","-7.4%",0.000100852850680829,"Déclin modéré","Déclin modéré"
"113","Accenteur mouchet","PRUMOD",2014,2023,-0.0200109143331282,0.00478154421461919,-0.0293827409937818,-0.0106390876724746,0.980187975150285,0.971044734706266,0.989417307246757,"-16.5%","-23.2%","-9.1%",2.85126250657172e-05,"Déclin modéré","Déclin modéré"
"114","Cochevis huppé","GALCRI",2014,2023,-0.0207713623478642,0.0287063220599081,-0.0770357535852842,0.0354930288895557,0.979442876490818,0.925856750316435,1.03613042512326,"-17.1%","-50%","+37.6%",0.46932272868069,"Incertain","Incertain"
"115","Tourterelle des bois","STRTUR",2014,2023,-0.0212984833283052,0.00485334007019545,-0.0308110298658883,-0.0117859367907222,0.978926727649869,0.969658792316025,0.988283245303631,"-17.4%","-24.2%","-10.1%",1.14178340996389e-05,"Déclin modéré","Déclin modéré"
"116","Fauvette babillarde","SYLCUR",2014,2023,-0.021899549451884,0.0135325538961439,-0.0484233550883261,0.00462425618455801,0.97833850475455,0.952730358441698,1.00463496455691,"-17.9%","-35.3%","+4.2%",0.10560086596679,"Incertain","Stable"
"117","Fauvette grisette","SYLCOM",2014,2023,-0.0224721180499983,0.00365176699326248,-0.0296295813567927,-0.0153146547432039,0.977778499184503,0.970805071251975,0.984802018220353,"-18.3%","-23.4%","-12.9%",7.56644985232996e-10,"Déclin modéré","Déclin modéré"
"118","Gorgebleue à miroir","LUSSVE",2014,2023,-0.0248055219712063,0.0295163533520142,-0.0826575745411542,0.0330465305987414,0.975499606822624,0.920666352848147,1.03359863208561,"-20%","-52.5%","+34.6%",0.400684555257328,"Incertain","Incertain"
"119","Gallinule poule-d'eau","GALCHL",2014,2023,-0.0263087541655488,0.00944235356865987,-0.0448157671601221,-0.00780174117097545,0.974034306027673,0.956173624189199,0.992228613420822,"-21.1%","-33.2%","-6.8%",0.00533217909501901,"Déclin modéré","Déclin modéré"
"120","Martinet noir","APUAPU",2014,2023,-0.0274456595173646,0.00837783986835451,-0.0438662256593395,-0.0110250933753898,0.972927550469669,0.957081981920752,0.989035460225902,"-21.9%","-32.6%","-9.4%",0.00105294964001749,"Déclin modéré","Déclin modéré"
"121","Grèbe castagneux","TACRUF",2014,2023,-0.028133270193797,0.0263375258895912,-0.0797548209373956,0.0234882805498017,0.972258785050042,0.923342702934927,1.02376630269812,"-22.4%","-51.2%","+23.5%",0.285438437793609,"Incertain","Incertain"
"122","Rousserolle effarvatte","ACRSCI",2014,2023,-0.0287963007232226,0.0130404682005497,-0.0543556183963,-0.00323698305014526,0.971614361452919,0.947095242116617,0.996768250331176,"-22.8%","-38.7%","-2.9%",0.0272285239403752,"Déclin modéré","Déclin modéré"
"123","Busard cendré","CIRPYG",2014,2023,-0.030103597167342,0.0324738747321322,-0.0937523916423211,0.033545197307637,0.970345003347585,0.910508183767524,1.03411418184686,"-23.7%","-57%","+35.2%",0.353921493312125,"Incertain","Incertain"
"124","Pic cendré","PICCAN",2014,2023,-0.0308907003678057,0.0267582132079327,-0.0833367982553539,0.0215553975197424,0.969581542190672,0.920041226752694,1.02178939336763,"-24.3%","-52.8%","+21.4%",0.248320609380696,"Incertain","Incertain"
"125","Mésange huppée","PARCRI",2014,2023,-0.0311245390289388,0.00854365683378321,-0.0478701064231538,-0.0143789716347237,0.969354843047532,0.953257601075469,0.985723912066989,"-24.4%","-35%","-12.1%",0.000269479183450381,"Déclin modéré","Déclin modéré"
"126","Pouillot siffleur","PHYSIB",2014,2023,-0.031289758482129,0.0103530330486161,-0.0515817032574166,-0.0109978137068416,0.969194700000154,0.949726051080175,0.989062441153453,"-24.5%","-37.1%","-9.4%",0.00250878869998485,"Déclin modéré","Déclin modéré"
"127","Troglodyte mignon","TROTRO",2014,2023,-0.0329988175573455,0.00239331728569316,-0.0376897194373041,-0.0283079156773869,0.967539703648571,0.963011698351133,0.972088999270943,"-25.7%","-28.8%","-22.5%",3.01409904615153e-43,"Déclin modéré","Déclin modéré"
"128","Pipit des arbres","ANTTRI",2014,2023,-0.0348060793559313,0.00566226699910574,-0.0459041226741786,-0.0237080360376841,0.965792685238877,0.95513353344983,0.976570791616872,"-26.9%","-33.8%","-19.2%",7.89512223764342e-10,"Déclin modéré","Déclin modéré"
"129","Fauvette orphée","SYLHOR",2014,2023,-0.0364936327137831,0.0257567576548235,-0.0869768777172371,0.0139896122896708,0.964164232986411,0.916698291545208,1.01408792483217,"-28%","-54.3%","+13.4%",0.156524850341414,"Incertain","Incertain"
"130","Verdier d'Europe","CARCHL",2014,2023,-0.036591467874589,0.00442489340930184,-0.0452642589568205,-0.0279186767923574,0.964069908437837,0.955744884312876,0.972467447757824,"-28.1%","-33.5%","-22.2%",1.34569964043986e-16,"Déclin modéré","Déclin modéré"
"131","Pouillot fitis","PHYTRO",2014,2023,-0.0387727212303776,0.0119989809900765,-0.0622907239709275,-0.0152547184898277,0.961969319506031,0.939609680021837,0.984861045332557,"-29.5%","-42.9%","-12.8%",0.00123213654518909,"Déclin modéré","Déclin modéré"
"132","Mésange nonnette","PARPAL",2014,2023,-0.0403931730171244,0.00778307000645944,-0.0556479902297849,-0.0251383558044639,0.960411756921807,0.945872033492517,0.975174981575273,"-30.5%","-39.4%","-20.2%",2.10433474174926e-07,"Déclin modéré à fort","Déclin modéré"
"133","Grèbe huppé","PODCRI",2014,2023,-0.0409744967638128,0.019362901826861,-0.0789257843444603,-0.00302320918316535,0.959853609008946,0.924108505218676,0.996981356111944,"-30.8%","-50.9%","-2.7%",0.0343334043172654,"Déclin modéré à fort","Déclin modéré"
"134","Fauvette des jardins","SYLBOR",2014,2023,-0.0431623324451559,0.00612548686534037,-0.055168286701223,-0.0311563781890888,0.957755902589511,0.946325880491852,0.969323980094769,"-32.2%","-39.1%","-24.5%",1.83670181418388e-12,"Déclin modéré à fort","Déclin modéré"
"135","Cassenoix moucheté","NUCCAR",2014,2023,-0.0463532041601667,0.0451082044025917,-0.134765284789246,0.0420588764689132,0.954704696961782,0.87392101017131,1.04295588250272,"-34.1%","-70.3%","+46%",0.304137885298948,"Incertain","Incertain"
"136","Bruant fou","EMBCIA",2014,2023,-0.0511039484958857,0.0286195837989567,-0.107198332741841,0.00499043575006943,0.950179895627793,0.898347483600946,1.00500290871443,"-36.9%","-61.9%","+4.6%",0.0741594065006839,"Incertain","Incertain"
"137","Bouvreuil pivoine","PYRPYR",2014,2023,-0.0516035065794081,0.0107744516809122,-0.0727214318739961,-0.0304855812848201,0.949705344123021,0.9298598232589,0.969974417751244,"-37.2%","-48%","-24%",1.672538373267e-06,"Déclin modéré à fort","Déclin modéré"
"138","Hirondelle de rivage","RIPRIP",2014,2023,-0.0532334511987239,0.0455424472515556,-0.142496647811773,0.0360297454143249,0.948158637872628,0.867190461273038,1.03668668270721,"-38.1%","-72.3%","+38.3%",0.242453792316456,"Incertain","Incertain"
"139","Vanneau huppé","VANVAN",2014,2023,-0.0534212550445798,0.025126981920747,-0.102670139609244,-0.00417237047991567,0.94798058675382,0.902424598522158,0.995836321764505,"-38.2%","-60.3%","-3.7%",0.0334989801093111,"Déclin modéré à fort","Déclin modéré"
"140","Pipit rousseline","ANTCAM",2014,2023,-0.0537898383802483,0.0262398877062289,-0.105220018284457,-0.00235965847603969,0.947631241292418,0.900126456519229,0.997643123329555,"-38.4%","-61.2%","-2.1%",0.0403716141401472,"Déclin modéré à fort","Déclin modéré"
"141","Perdrix grise","PERPER",2014,2023,-0.0549641916394546,0.0129951387331571,-0.0804346635564424,-0.0294937197224666,0.94651904064173,0.922715188543169,0.970936975375719,"-39%","-51.5%","-23.3%",2.34110972556422e-05,"Déclin modéré à fort","Déclin modéré"
"142","Roitelet huppé","REGREG",2014,2023,-0.0569298286052804,0.00781068993309794,-0.0722387808741524,-0.0416208763364084,0.944660355175471,0.930308729356084,0.959233379716767,"-40.1%","-47.8%","-31.2%",3.12944323352715e-13,"Déclin fort","Déclin modéré"
"143","Mésange noire","PARATE",2014,2023,-0.0576180545452243,0.00839310094821029,-0.0740685324037166,-0.0411675766867322,0.944010439084812,0.928608051918637,0.959668298438555,"-40.5%","-48.7%","-31%",6.65236401912746e-12,"Déclin fort","Déclin modéré"
"144","Pipit farlouse","ANTPRA",2014,2023,-0.0576718128149369,0.020975111664019,-0.0987830316764143,-0.0165605939534597,0.943959692081064,0.905939246821084,0.983575778840007,"-40.5%","-58.9%","-13.8%",0.00596798093477498,"Déclin modéré à fort","Déclin modéré"
"145","Foulque macroule","FULATR",2014,2023,-0.0585507006989972,0.0162470108458831,-0.090394841956928,-0.0267065594410664,0.943130421815828,0.913570398125177,0.973646907101978,"-41%","-55.7%","-21.4%",0.000313618982323757,"Déclin modéré à fort","Déclin modéré"
"146","Mésange boréale","PARMON",2014,2023,-0.05897945444911,0.0227577620917427,-0.103584668148926,-0.0143742407492943,0.942726137785969,0.901599682733908,0.985728575424913,"-41.2%","-60.6%","-12.1%",0.00955254270860586,"Déclin modéré à fort","Déclin modéré"
"147","Faucon pèlerin","FALPER",2014,2023,-0.0591838436304693,0.0547222735171912,-0.166439499724164,0.0480718124632255,0.942533474452242,0.846674039398864,1.04924600155894,"-41.3%","-77.6%","+54.1%",0.279460910266523,"Incertain","Incertain"
"148","Grive litorne","TURPIL",2014,2023,-0.0607540343276373,0.0261504865718908,-0.112008988008543,-0.00949908064673131,0.941054678458574,0.894036221859045,0.990545893104086,"-42.1%","-63.5%","-8.2%",0.0201658977899266,"Déclin modéré à fort","Déclin modéré"
"149","Bruant des roseaux","EMBSCH",2014,2023,-0.0610959431829888,0.0213797048683738,-0.103000164725001,-0.019191721640976,0.940732978529801,0.902126824878662,0.98099126695693,"-42.3%","-60.4%","-15.9%",0.00426776420168548,"Déclin modéré à fort","Déclin modéré"
"150","Bruant jaune","EMBCIT",2014,2023,-0.0615294173053536,0.0047100373479812,-0.0707610905073969,-0.0522977441033105,0.94032528349656,0.931684453800609,0.949046251846247,"-42.5%","-47.1%","-37.5%",5.32464896651361e-39,"Déclin fort","Fort déclin"
"151","Traquet motteux","OENOEN",2014,2023,-0.062604852098459,0.0291959349423611,-0.119828884585487,-0.00538081961143116,0.939314568546275,0.887072215460798,0.994633631067963,"-43.1%","-66%","-4.7%",0.0320088326819145,"Déclin modéré à fort","Déclin modéré"
"152","Cincle plongeur","CINCIN",2014,2023,-0.0646588825407215,0.0314217041690791,-0.126245422712117,-0.00307234236932654,0.937387167974993,0.881398505025353,0.996932372444747,"-44.1%","-67.9%","-2.7%",0.0396114764285086,"Déclin modéré à fort","Déclin modéré"
"153","Chouette hulotte","STRALU",2014,2023,-0.0671988716005929,0.0213884478056438,-0.109120229299655,-0.0252775139015311,0.935009236062439,0.896622610709058,0.975039287522212,"-45.4%","-62.5%","-20.3%",0.00167895363938785,"Déclin modéré à fort","Déclin modéré"
"154","Petit Gravelot","CHADUB",2014,2023,-0.0822505890705569,0.0501804936079776,-0.180604356542193,0.0161031784010791,0.921041126935655,0.83476556290368,1.01623353334807,"-52.3%","-80.3%","+15.6%",0.101193505676452,"Incertain","Incertain"
"155","Tarier des prés","SAXRUB",2014,2023,-0.082890922076444,0.0275872318774382,-0.136961896556223,-0.0288199475966651,0.920451542687571,0.872003451833599,0.971591386082727,"-52.6%","-70.8%","-22.8%",0.00265856651139636,"Déclin modéré à fort","Déclin modéré"
"156","Locustelle tachetée","LOCNAE",2014,2023,-0.0840425471782833,0.0181887925178054,-0.119692580513182,-0.0483925138433849,0.919392137721746,0.887193135256937,0.952759742285161,"-53.1%","-65.9%","-35.3%",3.82691442103894e-06,"Déclin fort","Déclin modéré"
"157","Fuligule morillon","AYTFUL",2014,2023,-0.0942591319228998,0.0499497399978548,-0.192160622318695,0.00364235847289557,0.910046909478015,0.825174316434525,1.00364899992158,"-57.2%","-82.3%","+3.3%",0.0591496293863323,"Incertain","Incertain"
"158","Bec-croisé des sapins","LOXCUR",2014,2023,-0.0971343209976866,0.0417053657004072,-0.178876837770485,-0.0153918042248886,0.907434110491828,0.836208882405394,0.984726044185802,"-58.3%","-80%","-12.9%",0.0198558594598757,"Déclin modéré à fort","Déclin modéré"
"159","Bruant ortolan","EMBHOR",2014,2023,-0.106662211268891,0.0504303118114135,-0.205505622419262,-0.0078188001185209,0.898829236104467,0.814235516580832,0.992211687189325,"-61.7%","-84.3%","-6.8%",0.0344263953418764,"Déclin modéré à fort","Déclin modéré"
"160","Courlis cendré","NUMARQ",2014,2023,-0.13139887980859,0.0441483352964902,-0.21792961698971,-0.0448681426274687,0.876867939708737,0.804182040427567,0.956123545460228,"-69.4%","-85.9%","-33.2%",0.00291745226158281,"Déclin fort","Déclin modéré"
"161","Moineau friquet","PASMON",2014,2023,-0.170392295431867,0.0210003816002419,-0.211553043368341,-0.129231547495393,0.843333915652514,0.809326350518427,0.878770464886289,"-78.4%","-85.1%","-68.7%",4.90724215727608e-16,"Déclin fort","Fort déclin"
"162","Fauvette passerinette","SYLCAN",2014,2023,-0.551562421524457,0.071193352871836,-0.691101393153255,-0.412023449895658,0.576049075425295,0.501023940728749,0.662308744799061,"-99.3%","-99.8%","-97.5%",9.38031064455596e-15,"Déclin fort","Fort déclin"
